listing_id,neighbourhood,price_per_night,occupancy_rate,estimated_monthly_revenue
10001,Juarez,235,0.19726027397260273,1390.6849315068494
10002,Centro Historico,69,0.4,828.0
10003,Coyoacan,250,0.14246575342465753,1068.4931506849314
10004,Juarez,99,0.1643835616438356,488.2191780821918
10005,Condesa,42,0.7095890410958904,894.0821917808219
10006,Narvarte,110,0.4054794520547945,1338.0821917808219
10007,Coyoacan,208,0.6,3744.0
10008,Coyoacan,81,0.4712328767123288,1145.0958904109589
10009,Juarez,49,0.7671232876712328,1127.6712328767123
10010,Polanco,181,0.18904109589041096,1026.4931506849316
10011,Condesa,60,0.5863013698630137,1055.3424657534247
10012,Juarez,127,0.32602739726027397,1242.1643835616437
10013,Condesa,266,0.9068493150684932,7236.657534246576
10014,Condesa,55,0.18082191780821918,298.35616438356163
10015,Narvarte,72,0.7917808219178082,1710.2465753424656
10016,Coyoacan,191,0.29041095890410956,1664.0547945205478
10017,Centro Historico,213,0.6520547945205479,4166.630136986301
10018,Narvarte,166,0.7753424657534247,3861.205479452055
10019,Narvarte,62,0.20273972602739726,377.09589041095893
10020,Condesa,294,0.947945205479452,8360.876712328767
10021,Del Valle,110,0.3972602739726027,1310.958904109589
10022,Coyoacan,101,0.09041095890410959,273.94520547945206
10023,Polanco,228,0.5589041095890411,3822.904109589041
10024,Narvarte,196,0.9616438356164384,5654.465753424658
10025,Centro Historico,291,0.4410958904109589,3850.7671232876714
10026,Del Valle,106,0.2,636.0
10027,Del Valle,121,0.6657534246575343,2416.6849315068494
10028,Polanco,296,0.2328767123287671,2067.945205479452
10029,Narvarte,248,0.5287671232876713,3934.0273972602745
10030,Centro Historico,187,0.6876712328767123,3857.835616438356
10031,Coyoacan,244,0.4794520547945205,3509.58904109589
10032,Roma Norte,95,0.8547945205479452,2436.164383561644
10033,Centro Historico,296,0.20273972602739726,1800.3287671232877
10034,Polanco,252,0.4958904109589041,3748.931506849315
10035,Del Valle,170,0.5315068493150685,2710.6849315068494
10036,Coyoacan,127,0.0136986301369863,52.1917808219178
10037,Centro Historico,143,0.043835616438356165,188.05479452054794
10038,Roma Norte,275,0.5917808219178082,4882.191780821918
10039,Roma Norte,176,0.6136986301369863,3240.328767123288
10040,Condesa,271,0.736986301369863,5991.698630136986
10041,Condesa,211,0.4931506849315068,3121.643835616438
10042,Juarez,175,0.473972602739726,2488.3561643835615
10043,Polanco,223,0.6219178082191781,4160.630136986301
10044,Narvarte,83,0.3013698630136986,750.4109589041095
10045,Centro Historico,224,0.7315068493150685,4915.726027397261
10046,Centro Historico,170,0.7945205479452054,4052.0547945205476
10047,Narvarte,77,0.5424657534246575,1253.0958904109589
10048,Juarez,124,0.5671232876712329,2109.698630136986
10049,Del Valle,279,0.043835616438356165,366.9041095890411
10050,Del Valle,226,0.6575342465753424,4458.082191780822
10051,Juarez,140,0.38904109589041097,1633.972602739726
10052,Del Valle,267,0.16986301369863013,1360.6027397260273
10053,Condesa,299,0.2821917808219178,2531.2602739726026
10054,Centro Historico,71,0.5835616438356165,1242.9863013698632
10055,Juarez,75,0.29041095890410956,653.4246575342465
10056,Centro Historico,51,0.14794520547945206,226.35616438356166
10057,Narvarte,93,0.9068493150684932,2530.109589041096
10058,Roma Norte,217,0.21643835616438356,1409.013698630137
10059,Condesa,75,0.7835616438356164,1763.013698630137
10060,Coyoacan,73,0.6657534246575343,1458.0
10061,Condesa,226,0.6684931506849315,4532.3835616438355
10062,Juarez,181,0.14520547945205478,788.4657534246575
10063,Coyoacan,161,0.726027397260274,3506.7123287671234
10064,Roma Norte,80,0.9260273972602739,2222.4657534246576
10065,Juarez,79,0.5671232876712329,1344.0821917808219
10066,Polanco,35,0.35342465753424657,371.0958904109589
10067,Centro Historico,202,0.38904109589041097,2357.5890410958905
10068,Roma Norte,142,0.5616438356164384,2392.6027397260277
10069,Centro Historico,53,0.44931506849315067,714.4109589041095
10070,Del Valle,106,0.8657534246575342,2753.095890410959
10071,Polanco,143,0.31232876712328766,1339.890410958904
10072,Polanco,274,0.5972602739726027,4909.479452054795
10073,Roma Norte,124,0.030136986301369864,112.1095890410959
10074,Polanco,137,0.4821917808219178,1981.8082191780823
10075,Coyoacan,284,0.4273972602739726,3641.4246575342468
10076,Polanco,42,0.4191780821917808,528.1643835616438
10077,Centro Historico,187,0.8082191780821918,4534.109589041096
10078,Centro Historico,208,0.44931506849315067,2803.72602739726
10079,Juarez,192,0.9616438356164384,5539.068493150685
10080,Centro Historico,249,0.32602739726027397,2435.4246575342463
10081,Juarez,211,0.4794520547945205,3034.9315068493147
10082,Centro Historico,209,0.1232876712328767,773.0136986301369
10083,Coyoacan,180,0.873972602739726,4719.45205479452
10084,Narvarte,195,0.821917808219178,4808.219178082191
10085,Juarez,161,0.32602739726027397,1574.7123287671232
10086,Condesa,116,0.019178082191780823,66.73972602739727
10087,Del Valle,181,0.43561643835616437,2365.3972602739727
10088,Roma Norte,273,0.7753424657534247,6350.054794520548
10089,Centro Historico,118,0.8136986301369863,2880.4931506849316
10090,Polanco,147,0.3178082191780822,1401.5342465753426
10091,Narvarte,259,0.9698630136986301,7535.835616438356
10092,Centro Historico,277,0.4602739726027397,3824.876712328767
10093,Polanco,177,0.13424657534246576,712.8493150684932
10094,Del Valle,75,0.8931506849315068,2009.5890410958905
10095,Del Valle,292,0.24383561643835616,2136.0
10096,Del Valle,139,0.6794520547945205,2833.3150684931506
10097,Polanco,236,0.06575342465753424,465.5342465753424
10098,Centro Historico,244,0.7287671232876712,5334.575342465753
10099,Del Valle,85,0.4136986301369863,1054.9315068493152
10100,Coyoacan,152,0.3726027397260274,1699.068493150685
10101,Juarez,235,0.7178082191780822,5060.54794520548
10102,Polanco,73,0.6931506849315069,1518.0
10103,Polanco,62,0.3643835616438356,677.7534246575342
10104,Centro Historico,293,0.4657534246575342,4093.972602739726
10105,Polanco,118,0.4712328767123288,1668.164383561644
10106,Polanco,189,0.5315068493150685,3013.6438356164385
10107,Del Valle,151,0.29863013698630136,1352.7945205479452
10108,Centro Historico,36,0.8904109589041096,961.6438356164383
10109,Del Valle,127,0.8328767123287671,3173.2602739726026
10110,Juarez,200,0.030136986301369864,180.82191780821918
10111,Narvarte,292,0.7671232876712328,6720.0
10112,Juarez,115,0.2136986301369863,737.2602739726028
10113,Narvarte,269,0.8657534246575342,6986.630136986301
10114,Del Valle,247,0.6986301369863014,5176.8493150684935
10115,Juarez,96,0.6712328767123288,1933.150684931507
10116,Centro Historico,83,0.0958904109589041,238.7671232876712
10117,Roma Norte,161,0.29315068493150687,1415.9178082191781
10118,Del Valle,257,0.4520547945205479,3485.3424657534247
10119,Narvarte,141,0.4767123287671233,2016.4931506849314
10120,Coyoacan,180,0.057534246575342465,310.6849315068493
10121,Narvarte,133,0.40273972602739727,1606.9315068493152
10122,Coyoacan,107,0.915068493150685,2937.3698630136987
10123,Polanco,156,0.5205479452054794,2436.1643835616437
10124,Juarez,64,0.7041095890410959,1351.890410958904
10125,Coyoacan,222,0.4054794520547945,2700.4931506849316
10126,Narvarte,229,0.9534246575342465,6550.027397260274
10127,Polanco,190,0.4547945205479452,2592.328767123288
10128,Roma Norte,206,0.4958904109589041,3064.6027397260277
10129,Centro Historico,75,0.2273972602739726,511.64383561643837
10130,Centro Historico,97,0.9287671232876712,2702.7123287671234
10131,Centro Historico,57,0.7287671232876712,1246.1917808219177
10132,Coyoacan,109,0.589041095890411,1926.164383561644
10133,Roma Norte,82,0.5780821917808219,1422.0821917808219
10134,Coyoacan,194,0.5205479452054794,3029.58904109589
10135,Juarez,152,0.052054794520547946,237.36986301369865
10136,Coyoacan,134,0.7616438356164383,3061.8082191780823
10137,Roma Norte,201,0.25753424657534246,1552.9315068493152
10138,Roma Norte,190,0.5287671232876713,3013.9726027397264
10139,Juarez,41,0.936986301369863,1152.4931506849316
10140,Roma Norte,230,0.32054794520547947,2211.780821917808
10141,Narvarte,90,0.7780821917808219,2100.821917808219
10142,Roma Norte,227,0.5835616438356165,3974.054794520548
10143,Centro Historico,81,0.12602739726027398,306.2465753424658
10144,Narvarte,182,0.2,1092.0
10145,Narvarte,191,0.23835616438356164,1365.7808219178082
10146,Juarez,236,0.3150684931506849,2230.6849315068494
10147,Condesa,160,0.3041095890410959,1459.7260273972604
10148,Condesa,98,0.5287671232876713,1554.5753424657535
10149,Roma Norte,210,0.810958904109589,5109.041095890411
10150,Narvarte,150,0.958904109589041,4315.068493150685
10151,Condesa,238,0.43561643835616437,3110.3013698630134
10152,Condesa,65,0.8164383561643835,1592.0547945205478
10153,Roma Norte,147,0.13972602739726028,616.1917808219179
10154,Condesa,101,0.38082191780821917,1153.890410958904
10155,Coyoacan,109,0.9041095890410958,2956.4383561643835
10156,Polanco,79,0.14520547945205478,344.13698630136986
10157,Juarez,294,0.9616438356164384,8481.698630136987
10158,Polanco,188,0.9205479452054794,5191.890410958904
10159,Roma Norte,189,0.4328767123287671,2454.4109589041095
10160,Centro Historico,268,0.8136986301369863,6542.13698630137
10161,Juarez,85,0.31232876712328766,796.4383561643835
10162,Roma Norte,296,0.5753424657534246,5109.04109589041
10163,Narvarte,159,0.2273972602739726,1084.6849315068494
10164,Centro Historico,279,0.29315068493150687,2453.6712328767126
10165,Polanco,64,0.936986301369863,1799.013698630137
10166,Roma Norte,156,0.9397260273972603,4397.917808219178
10167,Narvarte,159,0.8547945205479452,4077.3698630136987
10168,Juarez,71,0.9232876712328767,1966.6027397260273
10169,Juarez,204,0.8027397260273973,4912.767123287671
10170,Del Valle,158,0.32054794520547947,1519.3972602739727
10171,Narvarte,69,0.052054794520547946,107.75342465753425
10172,Coyoacan,121,0.7013698630136986,2545.972602739726
10173,Condesa,168,0.5287671232876713,2664.986301369863
10174,Centro Historico,230,0.6410958904109589,4423.561643835616
10175,Narvarte,235,0.8547945205479452,6026.301369863014
10176,Del Valle,111,0.10684931506849316,355.8082191780822
10177,Condesa,93,0.5780821917808219,1612.849315068493
10178,Condesa,160,0.07945205479452055,381.36986301369865
10179,Roma Norte,143,0.8383561643835616,3596.5479452054797
10180,Condesa,258,0.7972602739726027,6170.794520547945
10181,Coyoacan,102,0.0027397260273972603,8.383561643835616
10182,Juarez,103,0.1863013698630137,575.6712328767123
10183,Del Valle,199,0.5260273972602739,3140.3835616438355
10184,Condesa,196,0.589041095890411,3463.5616438356165
10185,Roma Norte,76,0.11506849315068493,262.35616438356163
10186,Coyoacan,143,0.6246575342465753,2679.780821917808
10187,Polanco,85,0.32054794520547947,817.3972602739726
10188,Juarez,284,0.08767123287671233,746.9589041095891
10189,Juarez,55,0.1643835616438356,271.23287671232873
10190,Del Valle,173,0.46301369863013697,2403.041095890411
10191,Juarez,126,0.4054794520547945,1532.7123287671234
10192,Condesa,159,0.3726027397260274,1777.3150684931509
10193,Roma Norte,145,0.4547945205479452,1978.3561643835617
10194,Juarez,173,0.0273972602739726,142.1917808219178
10195,Juarez,133,0.19726027397260273,787.068493150685
10196,Polanco,286,0.010958904109589041,94.02739726027397
10197,Polanco,138,0.32602739726027397,1349.7534246575342
10198,Centro Historico,248,0.4438356164383562,3302.13698630137
10199,Coyoacan,283,0.18904109589041096,1604.958904109589
10200,Condesa,186,0.26575342465753427,1482.9041095890411
10201,Juarez,284,0.3013698630136986,2567.671232876712
10202,Narvarte,199,0.6027397260273972,3598.3561643835615
10203,Juarez,42,0.20821917808219179,262.35616438356163
10204,Roma Norte,39,0.2328767123287671,272.4657534246575
10205,Centro Historico,179,0.5068493150684932,2721.780821917808
10206,Coyoacan,135,0.5397260273972603,2185.8904109589043
10207,Narvarte,198,0.4246575342465753,2522.4657534246576
10208,Centro Historico,181,0.852054794520548,4626.657534246576
10209,Del Valle,98,0.25205479452054796,741.041095890411
10210,Coyoacan,125,0.7808219178082192,2928.082191780822
10211,Juarez,151,0.6931506849315069,3139.9726027397264
10212,Juarez,207,0.6328767123287671,3930.1643835616437
10213,Coyoacan,81,0.1178082191780822,286.2739726027397
10214,Juarez,174,0.1917808219178082,1001.0958904109589
10215,Condesa,280,0.3452054794520548,2899.7260273972606
10216,Coyoacan,183,0.5753424657534246,3158.6301369863013
10217,Centro Historico,280,0.43561643835616437,3659.1780821917805
10218,Coyoacan,39,0.3698630136986301,432.73972602739724
10219,Narvarte,218,0.810958904109589,5303.671232876713
10220,Juarez,54,0.7068493150684931,1145.0958904109589
10221,Condesa,80,0.5068493150684932,1216.4383561643835
10222,Condesa,46,0.5013698630136987,691.8904109589042
10223,Del Valle,104,0.5616438356164384,1752.3287671232877
10224,Centro Historico,51,0.01643835616438356,25.15068493150685
10225,Polanco,181,0.6410958904109589,3481.150684931507
10226,Polanco,188,0.6794520547945205,3832.1095890410957
10227,Coyoacan,142,0.9643835616438357,4108.27397260274
10228,Del Valle,270,0.7205479452054795,5836.438356164384
10229,Roma Norte,104,0.958904109589041,2991.780821917808
10230,Coyoacan,217,0.1863013698630137,1212.8219178082193
10231,Del Valle,284,0.684931506849315,5835.6164383561645
10232,Centro Historico,262,0.5753424657534246,4522.191780821918
10233,Centro Historico,136,0.2328767123287671,950.1369863013698
10234,Centro Historico,109,0.7123287671232876,2329.3150684931506
10235,Centro Historico,250,0.34794520547945207,2609.5890410958905
10236,Centro Historico,237,0.42191780821917807,2999.8356164383563
10237,Del Valle,226,0.39452054794520547,2674.849315068493
10238,Del Valle,283,0.958904109589041,8141.095890410958
10239,Condesa,276,0.6684931506849315,5535.123287671233
10240,Narvarte,213,0.09041095890410959,577.7260273972603
10241,Polanco,253,0.684931506849315,5198.630136986301
10242,Juarez,116,0.5945205479452055,2068.931506849315
10243,Centro Historico,126,0.15616438356164383,590.3013698630136
10244,Roma Norte,209,0.7123287671232876,4466.301369863014
10245,Juarez,273,0.052054794520547946,426.32876712328766
10246,Del Valle,294,0.16164383561643836,1425.6986301369864
10247,Roma Norte,197,0.38904109589041097,2299.232876712329
10248,Roma Norte,82,0.1780821917808219,438.0821917808219
10249,Roma Norte,150,0.915068493150685,4117.808219178082
10250,Condesa,259,0.4465753424657534,3469.890410958904
10251,Del Valle,181,0.5643835616438356,3064.6027397260273
10252,Roma Norte,97,0.29863013698630136,869.013698630137
10253,Centro Historico,47,0.24383561643835616,343.8082191780822
10254,Coyoacan,223,0.2876712328767123,1924.5205479452054
10255,Roma Norte,242,0.9671232876712329,7021.315068493151
10256,Condesa,148,0.1095890410958904,486.5753424657534
10257,Juarez,56,0.7671232876712328,1288.7671232876712
10258,Del Valle,248,0.736986301369863,5483.178082191781
10259,Narvarte,205,0.2356164383561644,1449.041095890411
10260,Condesa,88,0.3589041095890411,947.5068493150685
10261,Roma Norte,160,0.9260273972602739,4444.931506849315
10262,Del Valle,238,0.6657534246575343,4753.479452054795
10263,Coyoacan,228,0.2876712328767123,1967.671232876712
10264,Roma Norte,203,0.336986301369863,2052.246575342466
10265,Condesa,186,0.07397260273972603,412.76712328767127
10266,Polanco,69,0.21095890410958903,436.6849315068493
10267,Centro Historico,218,0.42191780821917807,2759.3424657534247
10268,Narvarte,91,0.7479452054794521,2041.890410958904
10269,Juarez,256,0.6328767123287671,4860.493150684932
10270,Condesa,197,0.4958904109589041,2930.7123287671234
10271,Del Valle,53,0.7863013698630137,1250.2191780821918
10272,Narvarte,298,0.8465753424657534,7568.3835616438355
10273,Narvarte,147,0.273972602739726,1208.2191780821918
10274,Narvarte,64,0.3863013698630137,741.6986301369864
10275,Roma Norte,169,0.8931506849315068,4528.273972602739
10276,Centro Historico,101,0.2054794520547945,622.6027397260274
10277,Roma Norte,99,0.32602739726027397,968.3013698630136
10278,Del Valle,59,0.2958904109589041,523.7260273972603
10279,Roma Norte,71,0.9068493150684932,1931.5890410958905
10280,Polanco,35,0.7726027397260274,811.2328767123288
10281,Centro Historico,71,0.410958904109589,875.3424657534246
10282,Centro Historico,175,0.11506849315068493,604.1095890410959
10283,Del Valle,266,0.7178082191780822,5728.109589041096
10284,Juarez,170,0.6273972602739726,3199.72602739726
10285,Polanco,222,0.9068493150684932,6039.6164383561645
10286,Condesa,162,0.06027397260273973,292.9315068493151
10287,Roma Norte,235,0.0027397260273972603,19.315068493150687
10288,Coyoacan,161,0.6575342465753424,3175.890410958904
10289,Roma Norte,291,0.8438356164383561,7366.684931506849
10290,Narvarte,198,0.3561643835616438,2115.616438356164
10291,Roma Norte,69,0.2465753424657534,510.4109589041096
10292,Condesa,228,0.7041095890410959,4816.109589041096
10293,Roma Norte,225,0.9452054794520548,6380.13698630137
10294,Polanco,138,0.7424657534246575,3073.808219178082
10295,Polanco,57,0.38904109589041097,665.2602739726027
10296,Centro Historico,299,0.5013698630136987,4497.287671232877
10297,Del Valle,294,0.40273972602739727,3552.1643835616437
10298,Juarez,109,0.8,2616.0
10299,Coyoacan,106,0.2684931506849315,853.8082191780823
10300,Narvarte,293,0.06575342465753424,577.972602739726
10301,Roma Norte,222,0.6438356164383562,4287.945205479452
10302,Roma Norte,207,0.1589041095890411,986.7945205479452
10303,Condesa,79,0.8273972602739726,1960.9315068493152
10304,Del Valle,95,0.0684931506849315,195.2054794520548
10305,Polanco,117,0.23013698630136986,807.7808219178082
10306,Coyoacan,157,0.3150684931506849,1483.972602739726
10307,Centro Historico,50,0.3095890410958904,464.3835616438356
10308,Polanco,100,0.9260273972602739,2778.0821917808216
10309,Narvarte,179,0.46301369863013697,2486.3835616438355
10310,Del Valle,196,0.0273972602739726,161.0958904109589
10311,Narvarte,268,0.5808219178082191,4669.808219178081
10312,Juarez,178,0.25753424657534246,1375.2328767123288
10313,Centro Historico,222,0.32054794520547947,2134.849315068493
10314,Juarez,47,0.14246575342465753,200.87671232876713
10315,Condesa,218,0.1589041095890411,1039.2328767123288
10316,Narvarte,145,0.7671232876712328,3336.9863013698628
10317,Condesa,249,0.4602739726027397,3438.246575342466
10318,Roma Norte,154,0.06301369863013699,291.1232876712329
10319,Juarez,89,0.3013698630136986,804.6575342465753
10320,Del Valle,61,0.6191780821917808,1133.0958904109589
10321,Narvarte,152,0.11232876712328767,512.2191780821918
10322,Coyoacan,255,0.2,1530.0
10323,Centro Historico,265,0.7589041095890411,6033.287671232877
10324,Polanco,87,0.7780821917808219,2030.7945205479452
10325,Del Valle,267,0.2547945205479452,2040.9041095890411
10326,Del Valle,192,0.4520547945205479,2603.835616438356
10327,Condesa,55,0.8027397260273973,1324.5205479452056
10328,Juarez,87,0.9424657534246575,2459.8356164383563
10329,Narvarte,248,0.589041095890411,4382.465753424658
10330,Narvarte,65,0.27945205479452057,544.9315068493152
10331,Roma Norte,217,0.8575342465753425,5582.54794520548
10332,Roma Norte,57,0.9287671232876712,1588.1917808219177
10333,Centro Historico,66,0.8027397260273973,1589.4246575342465
10334,Condesa,108,0.2821917808219178,914.3013698630137
10335,Del Valle,44,0.17534246575342466,231.45205479452056
10336,Narvarte,88,0.9534246575342465,2517.041095890411
10337,Coyoacan,86,0.08493150684931507,219.12328767123287
10338,Condesa,182,0.7287671232876712,3979.068493150685
10339,Centro Historico,194,0.4054794520547945,2359.890410958904
10340,Centro Historico,48,0.17534246575342466,252.49315068493152
10341,Condesa,212,0.19726027397260273,1254.5753424657535
10342,Centro Historico,87,0.6520547945205479,1701.86301369863
10343,Condesa,56,0.019178082191780823,32.21917808219178
10344,Polanco,64,0.4958904109589041,952.1095890410959
10345,Condesa,225,0.7671232876712328,5178.082191780822
10346,Juarez,294,0.6986301369863014,6161.917808219178
10347,Condesa,239,0.5616438356164384,4026.986301369863
10348,Centro Historico,93,0.2356164383561644,657.3698630136986
10349,Narvarte,298,0.7808219178082192,6980.54794520548
10350,Juarez,46,0.4821917808219178,665.4246575342466
10351,Centro Historico,153,0.6356164383561644,2917.479452054795
10352,Roma Norte,282,0.1726027397260274,1460.2191780821918
10353,Roma Norte,161,0.19452054794520549,939.5342465753425
10354,Narvarte,109,0.4410958904109589,1442.3835616438357
10355,Narvarte,238,0.3506849315068493,2503.8904109589043
10356,Juarez,83,0.2219178082191781,552.5753424657535
10357,Polanco,113,0.684931506849315,2321.917808219178
10358,Narvarte,275,0.9178082191780822,7571.917808219178
10359,Roma Norte,188,0.8,4512.0
10360,Condesa,130,0.5232876712328767,2040.821917808219
10361,Centro Historico,248,0.9013698630136986,6706.191780821918
10362,Roma Norte,243,0.1232876712328767,898.7671232876712
10363,Roma Norte,122,0.19452054794520549,711.945205479452
10364,Polanco,298,0.5698630136986301,5094.575342465753
10365,Juarez,191,0.2054794520547945,1177.3972602739725
10366,Juarez,190,0.0821917808219178,468.4931506849315
10367,Del Valle,173,0.10136986301369863,526.1095890410959
10368,Polanco,155,0.5260273972602739,2446.0273972602736
10369,Condesa,99,0.36164383561643837,1074.0821917808219
10370,Juarez,141,0.23013698630136986,973.4794520547945
10371,Centro Historico,181,0.5753424657534246,3124.1095890410957
10372,Narvarte,171,0.8931506849315068,4581.86301369863
10373,Polanco,196,0.852054794520548,5010.0821917808225
10374,Narvarte,134,0.2219178082191781,892.1095890410959
10375,Roma Norte,175,0.8821917808219178,4631.506849315068
10376,Centro Historico,117,0.589041095890411,2067.5342465753424
10377,Centro Historico,211,0.10410958904109589,659.013698630137
10378,Roma Norte,232,0.3698630136986301,2574.246575342466
10379,Polanco,146,0.915068493150685,4008.0
10380,Roma Norte,90,0.4821917808219178,1301.9178082191781
10381,Narvarte,213,0.07397260273972603,472.68493150684935
10382,Del Valle,220,0.3424657534246575,2260.2739726027394
10383,Centro Historico,252,0.8712328767123287,6586.520547945205
10384,Coyoacan,251,0.7835616438356164,5900.219178082192
10385,Coyoacan,154,0.6575342465753424,3037.808219178082
10386,Narvarte,209,0.32054794520547947,2009.8356164383563
10387,Condesa,57,0.057534246575342465,98.38356164383562
10388,Juarez,247,0.5698630136986301,4222.684931506849
10389,Roma Norte,269,0.9506849315068493,7672.027397260274
10390,Roma Norte,47,0.1863013698630137,262.68493150684935
10391,Condesa,135,0.8383561643835616,3395.3424657534247
10392,Condesa,58,0.049315068493150684,85.80821917808218
10393,Narvarte,45,0.9616438356164384,1298.2191780821918
10394,Narvarte,128,0.03561643835616438,136.76712328767124
10395,Condesa,235,0.6301369863013698,4442.465753424657
10396,Centro Historico,55,0.7698630136986301,1270.2739726027396
10397,Narvarte,245,0.5232876712328767,3846.1643835616437
10398,Del Valle,174,0.2136986301369863,1115.5068493150686
10399,Narvarte,135,0.08767123287671233,355.06849315068496
10400,Roma Norte,62,0.15342465753424658,285.36986301369865
10401,Narvarte,75,0.18082191780821918,406.8493150684932
10402,Centro Historico,180,0.7643835616438356,4127.671232876713
10403,Condesa,290,0.1589041095890411,1382.4657534246576
10404,Roma Norte,261,0.6,4698.0
10405,Narvarte,270,0.684931506849315,5547.945205479452
10406,Centro Historico,47,0.7150684931506849,1008.2465753424657
10407,Del Valle,244,0.6054794520547945,4432.109589041095
10408,Narvarte,263,0.7890410958904109,6225.534246575342
10409,Centro Historico,134,0.5726027397260274,2301.86301369863
10410,Del Valle,65,0.5397260273972603,1052.4657534246576
10411,Condesa,50,0.5287671232876713,793.1506849315069
10412,Narvarte,171,0.0410958904109589,210.82191780821915
10413,Del Valle,200,0.4575342465753425,2745.205479452055
10414,Roma Norte,134,0.04657534246575343,187.2328767123288
10415,Condesa,143,0.7150684931506849,3067.643835616438
10416,Roma Norte,207,0.4794520547945205,2977.3972602739723
10417,Coyoacan,271,0.1863013698630137,1514.6301369863015
10418,Polanco,196,0.09315068493150686,547.7260273972603
10419,Narvarte,250,0.46301369863013697,3472.6027397260273
10420,Del Valle,298,0.5972602739726027,5339.506849315068
10421,Polanco,297,0.6191780821917808,5516.876712328767
10422,Polanco,37,0.4438356164383562,492.6575342465753
10423,Del Valle,62,0.1095890410958904,203.83561643835614
10424,Condesa,183,0.2273972602739726,1248.4109589041097
10425,Narvarte,62,0.010958904109589041,20.383561643835616
10426,Coyoacan,99,0.5808219178082191,1725.0410958904108
10427,Roma Norte,55,0.9315068493150684,1536.986301369863
10428,Centro Historico,286,0.14794520547945206,1269.3698630136987
10429,Roma Norte,269,0.3041095890410959,2454.164383561644
10430,Centro Historico,261,0.6821917808219178,5341.561643835616
10431,Roma Norte,47,0.7342465753424657,1035.2876712328766
10432,Del Valle,83,0.6219178082191781,1548.5753424657535
10433,Coyoacan,152,0.0410958904109589,187.3972602739726
10434,Narvarte,88,0.9643835616438357,2545.972602739726
10435,Centro Historico,172,0.07945205479452055,409.9726027397261
10436,Narvarte,87,0.136986301369863,357.5342465753424
10437,Narvarte,78,0.7150684931506849,1673.2602739726026
10438,Narvarte,87,0.40273972602739727,1051.150684931507
10439,Juarez,108,0.3589041095890411,1162.8493150684933
10440,Condesa,80,0.021917808219178082,52.602739726027394
10441,Roma Norte,47,0.0958904109589041,135.2054794520548
10442,Narvarte,199,0.8465753424657534,5054.054794520548
10443,Roma Norte,136,0.4794520547945205,1956.1643835616437
10444,Narvarte,292,0.684931506849315,6000.0
10445,Centro Historico,172,0.4301369863013699,2219.5068493150684
10446,Condesa,197,0.684931506849315,4047.945205479452
10447,Condesa,145,0.20821917808219179,905.7534246575343
10448,Del Valle,136,0.26301369863013696,1073.0958904109589
10449,Juarez,51,0.6794520547945205,1039.5616438356165
10450,Del Valle,216,0.9232876712328767,5982.904109589041
10451,Del Valle,58,0.1643835616438356,286.027397260274
10452,Del Valle,63,0.136986301369863,258.90410958904107
10453,Del Valle,205,0.5068493150684932,3117.123287671233
10454,Del Valle,262,0.0684931506849315,538.3561643835616
10455,Coyoacan,222,0.4410958904109589,2937.6986301369866
10456,Condesa,264,0.9424657534246575,7464.328767123287
10457,Del Valle,153,0.4410958904109589,2024.6301369863015
10458,Narvarte,190,0.2,1140.0
10459,Condesa,209,0.4767123287671233,2988.9863013698628
10460,Condesa,138,0.13972602739726028,578.4657534246576
10461,Polanco,126,0.5808219178082191,2195.5068493150684
10462,Coyoacan,220,0.1095890410958904,723.2876712328766
10463,Del Valle,215,0.4767123287671233,3074.794520547945
10464,Roma Norte,204,0.8931506849315068,5466.082191780822
10465,Centro Historico,221,0.7452054794520548,4940.712328767124
10466,Juarez,209,0.5205479452054794,3263.835616438356
10467,Narvarte,256,0.19726027397260273,1514.958904109589
10468,Roma Norte,267,0.2054794520547945,1645.890410958904
10469,Coyoacan,196,0.7123287671232876,4188.493150684932
10470,Centro Historico,168,0.2465753424657534,1242.7397260273972
10471,Coyoacan,258,0.1589041095890411,1229.9178082191781
10472,Narvarte,187,0.1643835616438356,922.1917808219177
10473,Condesa,67,0.3589041095890411,721.3972602739726
10474,Centro Historico,89,0.06301369863013699,168.24657534246577
10475,Condesa,41,0.8602739726027397,1058.13698630137
10476,Narvarte,278,0.14520547945205478,1211.0136986301368
10477,Roma Norte,160,0.3013698630136986,1446.5753424657532
10478,Narvarte,46,0.4054794520547945,559.5616438356165
10479,Roma Norte,50,0.32602739726027397,489.04109589041093
10480,Centro Historico,242,0.915068493150685,6643.397260273972
10481,Centro Historico,77,0.4684931506849315,1082.2191780821918
10482,Del Valle,169,0.31232876712328766,1583.5068493150684
10483,Coyoacan,262,0.2,1572.0
10484,Del Valle,145,0.863013698630137,3754.109589041096
10485,Coyoacan,194,0.0547945205479452,318.90410958904107
10486,Del Valle,298,0.5315068493150685,4751.671232876713
10487,Condesa,259,0.536986301369863,4172.3835616438355
10488,Centro Historico,251,0.7315068493150685,5508.246575342466
10489,Roma Norte,79,0.09315068493150686,220.76712328767124
10490,Coyoacan,248,0.9424657534246575,7011.945205479452
10491,Narvarte,93,0.7753424657534247,2163.205479452055
10492,Coyoacan,166,0.7671232876712328,3820.2739726027394
10493,Roma Norte,138,0.0273972602739726,113.42465753424656
10494,Del Valle,229,0.4246575342465753,2917.3972602739723
10495,Coyoacan,191,0.947945205479452,5431.726027397261
10496,Juarez,132,0.010958904109589041,43.397260273972606
10497,Condesa,260,0.3561643835616438,2778.0821917808216
10498,Centro Historico,239,0.4931506849315068,3535.890410958904
10499,Roma Norte,113,0.2191780821917808,743.0136986301369
10500,Centro Historico,158,0.8684931506849315,4116.657534246575
10501,Juarez,252,0.810958904109589,6130.8493150684935
10502,Coyoacan,38,0.7945205479452054,905.7534246575342
10503,Coyoacan,124,0.0958904109589041,356.71232876712327
10504,Narvarte,138,0.6356164383561644,2631.452054794521
10505,Juarez,153,0.5260273972602739,2414.465753424657
10506,Roma Norte,167,0.5397260273972603,2704.027397260274
10507,Narvarte,130,0.8191780821917808,3194.794520547945
10508,Condesa,177,0.7616438356164383,4044.3287671232874
10509,Narvarte,62,0.4438356164383562,825.5342465753425
10510,Polanco,267,0.19452054794520549,1558.109589041096
10511,Roma Norte,51,0.9342465753424658,1429.3972602739727
10512,Polanco,93,0.9424657534246575,2629.4794520547944
10513,Juarez,124,0.6986301369863014,2598.904109589041
10514,Del Valle,233,0.547945205479452,3830.1369863013697
10515,Polanco,60,0.043835616438356165,78.9041095890411
10516,Condesa,59,0.6328767123287671,1120.1917808219177
10517,Narvarte,215,0.20821917808219179,1343.013698630137
10518,Del Valle,102,0.673972602739726,2062.3561643835615
10519,Narvarte,83,0.06027397260273973,150.08219178082192
10520,Polanco,209,0.5753424657534246,3607.3972602739723
10521,Narvarte,86,0.3835616438356164,989.5890410958904
10522,Juarez,136,0.5315068493150685,2168.5479452054797
10523,Del Valle,250,0.6246575342465753,4684.931506849315
10524,Juarez,222,0.11506849315068493,766.3561643835617
10525,Polanco,91,0.06575342465753424,179.50684931506848
10526,Juarez,81,0.5643835616438356,1371.4520547945206
10527,Condesa,193,0.8767123287671232,5076.164383561643
10528,Polanco,208,0.5013698630136987,3128.5479452054797
10529,Polanco,276,0.915068493150685,7576.767123287671
10530,Polanco,275,0.410958904109589,3390.4109589041095
10531,Roma Norte,39,0.6273972602739726,734.054794520548
10532,Narvarte,118,0.0547945205479452,193.97260273972603
10533,Roma Norte,282,0.38082191780821917,3221.753424657534
10534,Roma Norte,88,0.7123287671232876,1880.5479452054794
10535,Condesa,195,0.5260273972602739,3077.2602739726026
10536,Del Valle,260,0.5698630136986301,4444.931506849315
10537,Narvarte,49,0.9260273972602739,1361.2602739726026
10538,Juarez,258,0.16986301369863013,1314.7397260273972
10539,Coyoacan,95,0.4410958904109589,1257.123287671233
10540,Polanco,156,0.5616438356164384,2628.4931506849316
10541,Juarez,80,0.6383561643835617,1532.054794520548
10542,Polanco,96,0.46301369863013697,1333.4794520547944
10543,Condesa,120,0.5671232876712329,2041.6438356164383
10544,Polanco,244,0.6904109589041096,5053.808219178082
10545,Roma Norte,112,0.3095890410958904,1040.2191780821918
10546,Narvarte,236,0.3424657534246575,2424.6575342465753
10547,Coyoacan,257,0.410958904109589,3168.493150684931
10548,Centro Historico,256,0.4328767123287671,3324.4931506849316
10549,Polanco,37,0.052054794520547946,57.78082191780822
10550,Juarez,40,0.736986301369863,884.3835616438356
10551,Roma Norte,127,0.5863013698630137,2233.8082191780823
10552,Centro Historico,42,0.10684931506849316,134.63013698630138
10553,Coyoacan,269,0.4301369863013699,3471.205479452055
10554,Centro Historico,142,0.8493150684931506,3618.0821917808216
10555,Roma Norte,195,0.1863013698630137,1089.8630136986303
10556,Narvarte,243,0.9342465753424658,6810.657534246576
10557,Narvarte,274,0.8547945205479452,7026.41095890411
10558,Del Valle,84,0.5123287671232877,1291.0684931506848
10559,Narvarte,45,0.12602739726027398,170.1369863013699
10560,Del Valle,190,0.8547945205479452,4872.328767123288
10561,Centro Historico,104,0.7068493150684931,2205.3698630136987
10562,Condesa,203,0.2602739726027397,1585.0684931506848
10563,Juarez,102,0.6767123287671233,2070.7397260273974
10564,Juarez,286,0.2,1716.0
10565,Centro Historico,82,0.03561643835616438,87.61643835616438
10566,Polanco,218,0.6904109589041096,4515.287671232877
10567,Polanco,221,0.273972602739726,1816.4383561643835
10568,Narvarte,124,0.410958904109589,1528.7671232876712
10569,Juarez,173,0.057534246575342465,298.6027397260274
10570,Juarez,123,0.8575342465753425,3164.301369863014
10571,Del Valle,53,0.00821917808219178,13.06849315068493
10572,Condesa,188,0.3041095890410959,1715.178082191781
10573,Roma Norte,294,0.18904109589041096,1667.3424657534247
10574,Polanco,142,0.0027397260273972603,11.67123287671233
10575,Juarez,93,0.2273972602739726,634.4383561643835
10576,Del Valle,159,0.7479452054794521,3567.6986301369866
10577,Coyoacan,141,0.673972602739726,2850.904109589041
10578,Del Valle,279,0.4547945205479452,3806.6301369863017
10579,Polanco,281,0.1863013698630137,1570.5205479452056
10580,Polanco,42,0.2876712328767123,362.4657534246575
10581,Del Valle,175,0.39452054794520547,2071.2328767123286
10582,Roma Norte,42,0.1780821917808219,224.3835616438356
10583,Centro Historico,128,0.6109589041095891,2346.082191780822
10584,Polanco,73,0.4246575342465753,930.0
10585,Del Valle,115,0.19452054794520549,671.0958904109589
10586,Juarez,221,0.0821917808219178,544.931506849315
10587,Del Valle,118,0.7150684931506849,2531.3424657534247
10588,Condesa,122,0.2136986301369863,782.1369863013699
10589,Centro Historico,276,0.08493150684931507,703.2328767123288
10590,Coyoacan,127,0.37534246575342467,1430.054794520548
10591,Roma Norte,120,0.7315068493150685,2633.4246575342468
10592,Narvarte,78,0.7780821917808219,1820.7123287671234
10593,Coyoacan,171,0.29863013698630136,1531.972602739726
10594,Centro Historico,108,0.6219178082191781,2015.013698630137
10595,Centro Historico,70,0.39452054794520547,828.4931506849315
10596,Centro Historico,135,0.03561643835616438,144.24657534246575
10597,Coyoacan,190,0.7123287671232876,4060.2739726027394
10598,Juarez,289,0.7698630136986301,6674.712328767123
10599,Centro Historico,205,0.8273972602739726,5088.493150684932
10600,Del Valle,250,0.03287671232876712,246.5753424657534
10601,Coyoacan,204,0.8273972602739726,5063.671232876713
10602,Narvarte,286,0.3780821917808219,3243.945205479452
10603,Centro Historico,89,0.9315068493150684,2487.123287671233
10604,Del Valle,125,0.7041095890410959,2640.4109589041095
10605,Juarez,135,0.9205479452054794,3728.219178082192
10606,Condesa,189,0.8493150684931506,4815.6164383561645
10607,Juarez,175,0.4465753424657534,2344.5205479452056
10608,Narvarte,207,0.8164383561643835,5070.082191780822
10609,Centro Historico,44,0.6712328767123288,886.027397260274
10610,Narvarte,262,0.6219178082191781,4888.273972602739
10611,Coyoacan,299,0.052054794520547946,466.9315068493151
10612,Polanco,282,0.4438356164383562,3754.849315068493
10613,Centro Historico,281,0.043835616438356165,369.5342465753425
10614,Polanco,189,0.0821917808219178,466.027397260274
10615,Del Valle,68,0.9534246575342465,1944.986301369863
10616,Condesa,163,0.8958904109589041,4380.904109589041
10617,Roma Norte,194,0.6684931506849315,3890.6301369863017
10618,Narvarte,123,0.5342465753424658,1971.3698630136987
10619,Juarez,127,0.6164383561643836,2348.6301369863013
10620,Condesa,275,0.4602739726027397,3797.2602739726026
10621,Centro Historico,151,0.5287671232876713,2395.315068493151
10622,Polanco,128,0.43561643835616437,1672.7671232876712
10623,Juarez,197,0.41643835616438357,2461.150684931507
10624,Polanco,133,0.39452054794520547,1574.13698630137
10625,Coyoacan,147,0.6767123287671233,2984.301369863014
10626,Polanco,125,0.2191780821917808,821.917808219178
10627,Coyoacan,240,0.7753424657534247,5582.465753424658
10628,Del Valle,51,0.5178082191780822,792.2465753424657
10629,Juarez,207,0.26301369863013696,1633.3150684931504
10630,Juarez,150,0.3095890410958904,1393.150684931507
10631,Roma Norte,215,0.2219178082191781,1431.3698630136987
10632,Centro Historico,125,0.6958904109589041,2609.5890410958905
10633,Coyoacan,116,0.5013698630136987,1744.7671232876714
10634,Roma Norte,148,0.5068493150684932,2250.4109589041095
10635,Polanco,291,0.589041095890411,5142.328767123287
10636,Polanco,92,0.4602739726027397,1270.3561643835617
10637,Roma Norte,188,0.7397260273972602,4172.054794520548
10638,Juarez,150,0.8328767123287671,3747.945205479452
10639,Polanco,237,0.6712328767123288,4772.465753424658
10640,Narvarte,75,0.038356164383561646,86.3013698630137
10641,Del Valle,139,0.8575342465753425,3575.9178082191784
10642,Del Valle,227,0.3972602739726027,2705.3424657534247
10643,Narvarte,271,0.4273972602739726,3474.7397260273974
10644,Roma Norte,255,0.1589041095890411,1215.6164383561645
10645,Narvarte,102,0.0273972602739726,83.83561643835615
10646,Coyoacan,231,0.3178082191780822,2202.41095890411
10647,Coyoacan,290,0.6602739726027397,5744.3835616438355
10648,Roma Norte,173,0.9041095890410958,4692.328767123287
10649,Narvarte,183,0.15616438356164383,857.3424657534247
10650,Coyoacan,133,0.7643835616438356,3049.890410958904
10651,Juarez,110,0.6,1980.0
10652,Narvarte,143,0.9205479452054794,3949.150684931507
10653,Juarez,222,0.3972602739726027,2645.753424657534
10654,Coyoacan,233,0.3178082191780822,2221.479452054795
10655,Del Valle,188,0.8684931506849315,4898.301369863014
10656,Coyoacan,74,0.2410958904109589,535.2328767123288
10657,Juarez,167,0.40821917808219177,2045.1780821917807
10658,Condesa,166,0.24383561643835616,1214.3013698630136
10659,Centro Historico,118,0.5534246575342465,1959.1232876712327
10660,Polanco,276,0.8602739726027397,7123.068493150685
10661,Narvarte,150,0.9452054794520548,4253.424657534247
10662,Condesa,143,0.16986301369863013,728.7123287671233
10663,Coyoacan,255,0.7068493150684931,5407.397260273972
10664,Del Valle,75,0.2219178082191781,499.3150684931507
10665,Roma Norte,181,0.3452054794520548,1874.4657534246576
10666,Coyoacan,146,0.3726027397260274,1632.0
10667,Del Valle,137,0.7972602739726027,3276.739726027397
10668,Centro Historico,80,0.0027397260273972603,6.575342465753424
10669,Coyoacan,229,0.33972602739726027,2333.917808219178
10670,Juarez,74,0.07671232876712329,170.30136986301372
10671,Roma Norte,223,0.8328767123287671,5571.945205479452
10672,Del Valle,198,0.2547945205479452,1513.4794520547946
10673,Del Valle,58,0.24383561643835616,424.2739726027397
10674,Del Valle,58,0.10684931506849316,185.91780821917808
10675,Centro Historico,38,0.08767123287671233,99.94520547945206
10676,Coyoacan,215,0.5534246575342465,3569.58904109589
10677,Centro Historico,282,0.5917808219178082,5006.465753424658
10678,Narvarte,150,0.8356164383561644,3760.27397260274
10679,Polanco,103,0.6547945205479452,2023.3150684931506
10680,Polanco,288,0.8493150684931506,7338.082191780822
10681,Narvarte,215,0.12876712328767123,830.5479452054794
10682,Coyoacan,203,0.7342465753424657,4471.561643835616
10683,Juarez,283,0.4054794520547945,3442.5205479452056
10684,Centro Historico,222,0.23835616438356164,1587.4520547945206
10685,Roma Norte,88,0.7315068493150685,1931.1780821917807
10686,Del Valle,172,0.6520547945205479,3364.6027397260273
10687,Del Valle,202,0.8273972602739726,5014.0273972602745
10688,Coyoacan,137,0.6575342465753424,2702.4657534246576
10689,Juarez,119,0.6520547945205479,2327.8356164383563
10690,Polanco,246,0.26301369863013696,1941.0410958904108
10691,Polanco,37,0.7698630136986301,854.5479452054794
10692,Del Valle,213,0.13972602739726028,892.8493150684932
10693,Coyoacan,72,0.9561643835616438,2065.3150684931506
10694,Centro Historico,273,0.6410958904109589,5250.575342465753
10695,Polanco,203,0.9452054794520548,5756.301369863014
10696,Centro Historico,64,0.021917808219178082,42.082191780821915
10697,Juarez,224,0.3863013698630137,2595.9452054794524
10698,Polanco,59,0.21095890410958903,373.3972602739726
10699,Polanco,146,0.8986301369863013,3936.0
10700,Condesa,240,0.3315068493150685,2386.8493150684935
10701,Polanco,219,0.1178082191780822,774.0
10702,Narvarte,81,0.9041095890410958,2196.9863013698628
10703,Roma Norte,262,0.8273972602739726,6503.342465753425
10704,Narvarte,73,0.8958904109589041,1962.0
10705,Coyoacan,50,0.00821917808219178,12.32876712328767
10706,Coyoacan,56,0.5260273972602739,883.7260273972602
10707,Centro Historico,247,0.2356164383561644,1745.9178082191781
10708,Narvarte,183,0.06027397260273973,330.9041095890411
10709,Narvarte,275,0.8794520547945206,7255.479452054795
10710,Narvarte,93,0.1917808219178082,535.068493150685
10711,Juarez,236,0.021917808219178082,155.17808219178082
10712,Polanco,66,0.2273972602739726,450.24657534246575
10713,Roma Norte,196,0.4054794520547945,2384.219178082192
10714,Centro Historico,289,0.3232876712328767,2802.904109589041
10715,Narvarte,288,0.7205479452054795,6225.534246575343
10716,Narvarte,43,0.5013698630136987,646.7671232876713
10717,Condesa,173,0.7589041095890411,3938.7123287671234
10718,Centro Historico,44,0.673972602739726,889.6438356164383
10719,Narvarte,248,0.38082191780821917,2833.3150684931506
10720,Centro Historico,82,0.684931506849315,1684.931506849315
10721,Polanco,145,0.8465753424657534,3682.6027397260273
10722,Condesa,187,0.4794520547945205,2689.72602739726
10723,Centro Historico,157,0.8,3768.0
10724,Roma Norte,136,0.3013698630136986,1229.5890410958903
10725,Roma Norte,275,0.30684931506849317,2531.506849315069
10726,Coyoacan,225,0.09863013698630137,665.7534246575342
10727,Condesa,251,0.736986301369863,5549.506849315068
10728,Condesa,85,0.38082191780821917,971.0958904109589
10729,Coyoacan,115,0.9561643835616438,3298.767123287671
10730,Centro Historico,122,0.2136986301369863,782.1369863013699
10731,Condesa,228,0.052054794520547946,356.05479452054794
10732,Roma Norte,138,0.4,1656.0
10733,Roma Norte,130,0.5123287671232877,1998.0821917808219
10734,Narvarte,232,0.07123287671232877,495.7808219178082
10735,Polanco,35,0.5972602739726027,627.1232876712329
10736,Condesa,201,0.136986301369863,826.0273972602739
10737,Centro Historico,160,0.3452054794520548,1656.9863013698632
10738,Coyoacan,115,0.13150684931506848,453.69863013698625
10739,Coyoacan,285,0.5342465753424658,4567.808219178082
10740,Centro Historico,203,0.9726027397260274,5923.1506849315065
10741,Juarez,107,0.3287671232876712,1055.3424657534247
10742,Del Valle,175,0.4602739726027397,2416.4383561643835
10743,Polanco,104,0.9643835616438357,3008.876712328767
10744,Coyoacan,296,0.6136986301369863,5449.643835616439
10745,Condesa,279,0.3780821917808219,3164.5479452054797
10746,Polanco,37,0.26301369863013696,291.945205479452
10747,Condesa,97,0.9726027397260274,2830.27397260274
10748,Juarez,83,0.7808219178082192,1944.2465753424658
10749,Roma Norte,110,0.4876712328767123,1609.3150684931506
10750,Polanco,209,0.4575342465753425,2868.7397260273974
10751,Narvarte,143,0.1780821917808219,763.972602739726
10752,Coyoacan,217,0.9534246575342465,6206.794520547945
10753,Polanco,226,0.2821917808219178,1913.2602739726028
10754,Polanco,99,0.17534246575342466,520.7671232876712
10755,Polanco,134,0.30684931506849317,1233.5342465753424
10756,Del Valle,66,0.6383561643835617,1263.9452054794522
10757,Polanco,162,0.15616438356164383,758.9589041095891
10758,Condesa,77,0.2,462.0
10759,Roma Norte,112,0.8876712328767123,2982.5753424657537
10760,Juarez,196,0.06027397260273973,354.4109589041096
10761,Centro Historico,223,0.5753424657534246,3849.041095890411
10762,Polanco,281,0.547945205479452,4619.178082191781
10763,Coyoacan,250,0.9315068493150684,6986.301369863013
10764,Polanco,202,0.0027397260273972603,16.602739726027398
10765,Coyoacan,227,0.8465753424657534,5765.178082191781
10766,Condesa,47,0.2876712328767123,405.61643835616434
10767,Coyoacan,274,0.46301369863013697,3805.972602739726
10768,Narvarte,181,0.8904109589041096,4834.931506849315
10769,Centro Historico,238,0.26301369863013696,1877.917808219178
10770,Roma Norte,114,0.9287671232876712,3176.3835616438355
10771,Coyoacan,77,0.8684931506849315,2006.2191780821918
10772,Coyoacan,123,0.14246575342465753,525.6986301369863
10773,Roma Norte,182,0.8684931506849315,4741.9726027397255
10774,Centro Historico,129,0.6136986301369863,2375.0136986301372
10775,Polanco,185,0.8931506849315068,4956.986301369863
10776,Coyoacan,36,0.5424657534246575,585.8630136986301
10777,Roma Norte,56,0.2136986301369863,359.013698630137
10778,Narvarte,41,0.4191780821917808,515.5890410958904
10779,Narvarte,240,0.7945205479452054,5720.547945205479
10780,Condesa,148,0.6794520547945205,3016.767123287671
10781,Roma Norte,117,0.2410958904109589,846.2465753424658
10782,Condesa,213,0.36712328767123287,2345.917808219178
10783,Narvarte,244,0.17534246575342466,1283.5068493150684
10784,Centro Historico,158,0.9260273972602739,4389.369863013699
10785,Polanco,147,0.7287671232876712,3213.8630136986303
10786,Roma Norte,46,0.4794520547945205,661.6438356164383
10787,Juarez,160,0.27671232876712326,1328.2191780821915
10788,Narvarte,87,0.2821917808219178,736.5205479452055
10789,Narvarte,174,0.27123287671232876,1415.835616438356
10790,Juarez,131,0.0273972602739726,107.67123287671232
10791,Del Valle,39,0.736986301369863,862.2739726027397
10792,Narvarte,91,0.7287671232876712,1989.5342465753424
10793,Coyoacan,103,0.32602739726027397,1007.4246575342465
10794,Centro Historico,152,0.7835616438356164,3573.041095890411
10795,Roma Norte,93,0.8547945205479452,2384.876712328767
10796,Juarez,67,0.4273972602739726,859.068493150685
10797,Coyoacan,84,0.5589041095890411,1408.4383561643835
10798,Juarez,53,0.7397260273972602,1176.1643835616437
10799,Roma Norte,248,0.9232876712328767,6869.260273972603
10800,Condesa,231,0.6986301369863014,4841.506849315068
10801,Roma Norte,81,0.7150684931506849,1737.6164383561643
10802,Del Valle,201,0.27945205479452057,1685.095890410959
10803,Roma Norte,175,0.8931506849315068,4689.041095890411
10804,Roma Norte,118,0.29315068493150687,1037.7534246575342
10805,Del Valle,216,0.8849315068493151,5734.356164383562
10806,Centro Historico,113,0.34794520547945207,1179.5342465753424
10807,Narvarte,249,0.9424657534246575,7040.219178082192
10808,Roma Norte,48,0.6520547945205479,938.9589041095891
10809,Del Valle,249,0.01643835616438356,122.7945205479452
10810,Coyoacan,162,0.5506849315068493,2676.3287671232874
10811,Condesa,282,0.3013698630136986,2549.5890410958905
10812,Condesa,63,0.06575342465753424,124.27397260273972
10813,Roma Norte,236,0.29863013698630136,2114.301369863014
10814,Centro Historico,91,0.8958904109589041,2445.780821917808
10815,Centro Historico,252,0.5342465753424658,4038.904109589041
10816,Coyoacan,96,0.3315068493150685,954.7397260273973
10817,Roma Norte,191,0.4547945205479452,2605.972602739726
10818,Condesa,236,0.6547945205479452,4635.945205479452
10819,Centro Historico,51,0.2328767123287671,356.3013698630137
10820,Roma Norte,40,0.2684931506849315,322.1917808219178
10821,Juarez,92,0.4821917808219178,1330.8493150684933
10822,Centro Historico,203,0.5041095890410959,3070.027397260274
10823,Del Valle,116,0.22465753424657534,781.8082191780821
10824,Juarez,253,0.26575342465753427,2017.068493150685
10825,Narvarte,211,0.6054794520547945,3832.684931506849
10826,Centro Historico,238,0.5068493150684932,3618.904109589041
10827,Condesa,105,0.4,1260.0
10828,Polanco,132,0.3287671232876712,1301.917808219178
10829,Juarez,242,0.4657534246575342,3381.3698630136983
10830,Narvarte,36,0.7150684931506849,772.2739726027397
10831,Coyoacan,158,0.9452054794520548,4480.273972602739
10832,Coyoacan,108,0.7890410958904109,2556.4931506849316
10833,Condesa,200,0.4,2400.0
10834,Centro Historico,56,0.4383561643835616,736.4383561643835
10835,Roma Norte,188,0.7068493150684931,3986.6301369863013
10836,Centro Historico,253,0.7205479452054795,5468.95890410959
10837,Condesa,191,0.915068493150685,5243.342465753425
10838,Coyoacan,264,0.5041095890410959,3992.5479452054797
10839,Centro Historico,54,0.6082191780821918,985.3150684931508
10840,Coyoacan,75,0.9068493150684932,2040.4109589041097
10841,Juarez,182,0.4684931506849315,2557.972602739726
10842,Narvarte,142,0.7424657534246575,3162.9041095890407
10843,Roma Norte,118,0.8246575342465754,2919.287671232877
10844,Juarez,168,0.2876712328767123,1449.86301369863
10845,Coyoacan,241,0.5808219178082191,4199.342465753424
10846,Coyoacan,107,0.0136986301369863,43.97260273972603
10847,Polanco,82,0.5178082191780822,1273.8082191780823
10848,Polanco,267,0.36164383561643837,2896.7671232876714
10849,Juarez,134,0.3726027397260274,1497.8630136986303
10850,Del Valle,93,0.4849315068493151,1352.958904109589
10851,Juarez,292,0.6493150684931507,5688.0
10852,Polanco,99,0.2493150684931507,740.4657534246576
10853,Coyoacan,117,0.5643835616438356,1980.986301369863
10854,Condesa,188,0.3863013698630137,2178.7397260273974
10855,Juarez,113,0.43561643835616437,1476.7397260273972
10856,Coyoacan,184,0.8602739726027397,4748.712328767124
10857,Condesa,82,0.8301369863013699,2042.13698630137
10858,Condesa,282,0.07123287671232877,602.6301369863014
10859,Polanco,132,0.2876712328767123,1139.1780821917807
10860,Juarez,59,0.16712328767123288,295.8082191780822
10861,Centro Historico,102,0.2328767123287671,712.6027397260274
10862,Roma Norte,41,0.6383561643835617,785.1780821917808
10863,Polanco,171,0.04657534246575343,238.93150684931507
10864,Polanco,198,0.2465753424657534,1464.6575342465753
10865,Centro Historico,117,0.021917808219178082,76.93150684931507
10866,Roma Norte,172,0.8958904109589041,4622.7945205479455
10867,Coyoacan,107,0.8794520547945206,2823.0410958904113
10868,Del Valle,271,0.958904109589041,7795.890410958904
10869,Juarez,80,0.6712328767123288,1610.9589041095892
10870,Del Valle,140,0.16986301369863013,713.4246575342465
10871,Coyoacan,296,0.7643835616438356,6787.72602739726
10872,Narvarte,210,0.019178082191780823,120.82191780821918
10873,Polanco,200,0.5726027397260274,3435.616438356164
10874,Roma Norte,179,0.7917808219178082,4251.86301369863
10875,Polanco,88,0.9534246575342465,2517.041095890411
10876,Condesa,212,0.6410958904109589,4077.3698630136987
10877,Polanco,278,0.043835616438356165,365.5890410958904
10878,Polanco,161,0.4958904109589041,2395.150684931507
10879,Coyoacan,166,0.4849315068493151,2414.958904109589
10880,Coyoacan,127,0.7424657534246575,2828.794520547945
10881,Coyoacan,107,0.852054794520548,2735.095890410959
10882,Del Valle,282,0.6027397260273972,5099.178082191781
10883,Condesa,77,0.03561643835616438,82.27397260273972
10884,Narvarte,75,0.9315068493150684,2095.890410958904
10885,Narvarte,204,0.06301369863013699,385.64383561643837
10886,Coyoacan,246,0.4410958904109589,3255.287671232877
10887,Roma Norte,202,0.9506849315068493,5761.1506849315065
10888,Del Valle,73,0.1095890410958904,240.0
10889,Centro Historico,279,0.06027397260273973,504.49315068493155
10890,Roma Norte,185,0.06301369863013699,349.7260273972603
10891,Juarez,145,0.07945205479452055,345.6164383561644
10892,Juarez,81,0.9342465753424658,2270.219178082192
10893,Roma Norte,97,0.07945205479452055,231.20547945205482
10894,Coyoacan,259,0.6958904109589041,5407.068493150685
10895,Centro Historico,103,0.3561643835616438,1100.5479452054794
10896,Centro Historico,237,0.2136986301369863,1519.3972602739727
10897,Del Valle,95,0.6657534246575343,1897.3972602739727
10898,Centro Historico,195,0.9726027397260274,5689.726027397261
10899,Juarez,50,0.2465753424657534,369.86301369863014
10900,Condesa,128,0.4054794520547945,1557.041095890411
10901,Coyoacan,172,0.673972602739726,3477.698630136986
10902,Centro Historico,72,0.4273972602739726,923.1780821917808
10903,Del Valle,161,0.136986301369863,661.6438356164383
10904,Juarez,198,0.9424657534246575,5598.246575342466
10905,Condesa,111,0.030136986301369864,100.35616438356165
10906,Polanco,208,0.4602739726027397,2872.1095890410957
10907,Polanco,125,0.5534246575342465,2075.3424657534247
10908,Condesa,272,0.06027397260273973,491.83561643835617
10909,Juarez,298,0.21095890410958903,1885.972602739726
10910,Del Valle,213,0.5068493150684932,3238.7671232876714
10911,Condesa,243,0.6082191780821918,4433.917808219178
10912,Coyoacan,107,0.9068493150684932,2910.986301369863
10913,Coyoacan,141,0.9260273972602739,3917.095890410959
10914,Polanco,216,0.4547945205479452,2947.068493150685
10915,Centro Historico,71,0.589041095890411,1254.6575342465753
10916,Del Valle,171,0.8575342465753425,4399.150684931507
10917,Polanco,90,0.06027397260273973,162.73972602739727
10918,Centro Historico,221,0.19726027397260273,1307.835616438356
10919,Centro Historico,292,0.5753424657534246,5040.0
10920,Narvarte,92,0.11232876712328767,310.027397260274
10921,Coyoacan,157,0.10136986301369863,477.45205479452056
10922,Juarez,222,0.7232876712328767,4817.095890410959
10923,Roma Norte,264,0.4849315068493151,3840.6575342465753
10924,Juarez,202,0.821917808219178,4980.821917808219
10925,Roma Norte,148,0.5506849315068493,2445.041095890411
10926,Condesa,286,0.536986301369863,4607.342465753425
10927,Coyoacan,141,0.6712328767123288,2839.3150684931506
10928,Centro Historico,71,0.6,1278.0
10929,Del Valle,126,0.33972602739726027,1284.1643835616437
10930,Roma Norte,52,0.3726027397260274,581.2602739726028
10931,Juarez,97,0.7890410958904109,2296.1095890410957
10932,Centro Historico,184,0.14794520547945206,816.6575342465753
10933,Roma Norte,173,0.29315068493150687,1521.4520547945206
10934,Roma Norte,220,0.09041095890410959,596.7123287671233
10935,Narvarte,219,0.958904109589041,6300.0
10936,Roma Norte,239,0.20821917808219179,1492.9315068493152
10937,Del Valle,294,0.7178082191780822,6331.068493150686
10938,Coyoacan,248,0.23835616438356164,1773.3698630136985
10939,Del Valle,290,0.43561643835616437,3789.86301369863
10940,Polanco,169,0.9068493150684932,4597.726027397261
10941,Centro Historico,95,0.5698630136986301,1624.109589041096
10942,Coyoacan,122,0.6520547945205479,2386.5205479452056
10943,Narvarte,241,0.049315068493150684,356.54794520547944
10944,Coyoacan,163,0.049315068493150684,241.15068493150685
10945,Coyoacan,37,0.7945205479452054,881.917808219178
10946,Juarez,276,0.1506849315068493,1247.6712328767123
10947,Coyoacan,155,0.4958904109589041,2305.8904109589043
10948,Narvarte,136,0.10136986301369863,413.5890410958904
10949,Del Valle,72,0.7671232876712328,1656.986301369863
10950,Coyoacan,167,0.663013698630137,3321.6986301369866
10951,Condesa,236,0.6712328767123288,4752.328767123287
10952,Centro Historico,55,0.29315068493150687,483.6986301369863
10953,Coyoacan,276,0.4191780821917808,3470.794520547945
10954,Centro Historico,143,0.5726027397260274,2456.4657534246576
10955,Condesa,118,0.8794520547945206,3113.260273972603
10956,Condesa,117,0.12876712328767123,451.972602739726
10957,Centro Historico,103,0.9041095890410958,2793.698630136986
10958,Roma Norte,163,0.3232876712328767,1580.876712328767
10959,Polanco,230,0.936986301369863,6465.205479452055
10960,Juarez,174,0.852054794520548,4447.726027397261
10961,Roma Norte,268,0.3835616438356164,3083.835616438356
10962,Roma Norte,57,0.336986301369863,576.2465753424658
10963,Del Valle,187,0.4465753424657534,2505.2876712328766
10964,Juarez,95,0.8356164383561644,2381.5068493150684
10965,Juarez,86,0.38904109589041097,1003.7260273972603
10966,Roma Norte,187,0.5616438356164384,3150.8219178082195
10967,Coyoacan,271,0.2219178082191781,1804.1917808219177
10968,Del Valle,66,0.049315068493150684,97.64383561643835
10969,Del Valle,89,0.7671232876712328,2048.219178082192
10970,Condesa,70,0.3726027397260274,782.4657534246576
10971,Narvarte,144,0.021917808219178082,94.68493150684931
10972,Juarez,211,0.46301369863013697,2930.876712328767
10973,Roma Norte,131,0.18356164383561643,721.3972602739726
10974,Condesa,247,0.8986301369863013,6658.849315068493
10975,Centro Historico,171,0.4821917808219178,2473.6438356164385
10976,Polanco,40,0.2821917808219178,338.63013698630135
10977,Narvarte,143,0.6301369863013698,2703.2876712328766
10978,Narvarte,69,0.4904109589041096,1015.1506849315068
10979,Narvarte,73,0.873972602739726,1914.0
10980,Del Valle,184,0.7041095890410959,3886.6849315068494
10981,Centro Historico,152,0.7068493150684931,3223.2328767123286
10982,Narvarte,295,0.6273972602739726,5552.465753424657
10983,Centro Historico,121,0.5150684931506849,1869.6986301369864
10984,Coyoacan,110,0.7561643835616438,2495.3424657534247
10985,Narvarte,248,0.16986301369863013,1263.7808219178082
10986,Polanco,273,0.06301369863013699,516.082191780822
10987,Centro Historico,199,0.6301369863013698,3761.917808219178
10988,Centro Historico,121,0.03561643835616438,129.2876712328767
10989,Polanco,175,0.12602739726027398,661.6438356164384
10990,Narvarte,194,0.5643835616438356,3284.7123287671234
10991,Polanco,80,0.9315068493150684,2235.616438356164
10992,Centro Historico,146,0.8986301369863013,3936.0
10993,Polanco,79,0.5013698630136987,1188.2465753424658
10994,Centro Historico,281,0.8493150684931506,7159.72602739726
10995,Centro Historico,138,0.07671232876712329,317.5890410958904
10996,Coyoacan,119,0.3287671232876712,1173.6986301369861
10997,Roma Norte,168,0.38904109589041097,1960.7671232876712
10998,Centro Historico,142,0.7424657534246575,3162.9041095890407
10999,Narvarte,52,0.20273972602739726,316.2739726027397
11000,Condesa,128,0.33972602739726027,1304.5479452054794
11001,Del Valle,184,0.7424657534246575,4098.410958904109
11002,Juarez,280,0.7972602739726027,6696.986301369862
11003,Roma Norte,243,0.6082191780821918,4433.917808219178
11004,Roma Norte,160,0.5616438356164384,2695.8904109589043
11005,Roma Norte,269,0.6602739726027397,5328.410958904109
11006,Coyoacan,156,0.8,3744.0
11007,Centro Historico,172,0.03561643835616438,183.78082191780823
11008,Coyoacan,149,0.010958904109589041,48.986301369863014
11009,Centro Historico,196,0.5424657534246575,3189.698630136986
11010,Narvarte,235,0.7643835616438356,5388.904109589041
11011,Coyoacan,268,0.5753424657534246,4625.753424657534
11012,Coyoacan,62,0.03561643835616438,66.24657534246575
11013,Del Valle,45,0.3589041095890411,484.5205479452055
11014,Condesa,240,0.1178082191780822,848.2191780821918
11015,Coyoacan,201,0.6931506849315069,4179.698630136986
11016,Del Valle,281,0.024657534246575342,207.86301369863014
11017,Polanco,81,0.1506849315068493,366.16438356164383
11018,Condesa,280,0.7342465753424657,6167.671232876713
11019,Narvarte,161,0.14520547945205478,701.3424657534246
11020,Coyoacan,181,0.5150684931506849,2796.821917808219
11021,Juarez,152,0.5095890410958904,2323.72602739726
11022,Roma Norte,186,0.6054794520547945,3378.5753424657532
11023,Polanco,106,0.8383561643835616,2665.972602739726
11024,Polanco,171,0.043835616438356165,224.87671232876713
11025,Narvarte,209,0.024657534246575342,154.60273972602738
11026,Del Valle,53,0.6082191780821918,967.0684931506851
11027,Polanco,229,0.024657534246575342,169.3972602739726
11028,Condesa,209,0.6,3762.0
11029,Coyoacan,175,0.3041095890410959,1596.5753424657535
11030,Coyoacan,280,0.6767123287671233,5684.3835616438355
11031,Juarez,127,0.1178082191780822,448.8493150684932
11032,Narvarte,273,0.18904109589041096,1548.2465753424658
11033,Roma Norte,239,0.9178082191780822,6580.684931506849
11034,Del Valle,82,0.7287671232876712,1792.7671232876712
11035,Roma Norte,279,0.1643835616438356,1375.890410958904
11036,Polanco,162,0.6684931506849315,3248.876712328767
11037,Narvarte,51,0.1506849315068493,230.54794520547944
11038,Juarez,105,0.7643835616438356,2407.8082191780823
11039,Roma Norte,41,0.4904109589041096,603.2054794520548
11040,Condesa,137,0.03561643835616438,146.3835616438356
11041,Coyoacan,227,0.5698630136986301,3880.767123287671
11042,Polanco,275,0.6986301369863014,5763.698630136986
11043,Juarez,96,0.3013698630136986,867.945205479452
11044,Roma Norte,51,0.6547945205479452,1001.8356164383562
11045,Del Valle,205,0.7232876712328767,4448.219178082192
11046,Condesa,59,0.8986301369863013,1590.5753424657535
11047,Condesa,285,0.9068493150684932,7753.561643835616
11048,Roma Norte,287,0.8164383561643835,7029.534246575342
11049,Coyoacan,241,0.16164383561643836,1168.6849315068494
11050,Roma Norte,63,0.6082191780821918,1149.5342465753426
11051,Polanco,151,0.0684931506849315,310.2739726027397
11052,Roma Norte,178,0.29315068493150687,1565.4246575342468
11053,Condesa,59,0.8712328767123287,1542.0821917808219
11054,Juarez,190,0.7698630136986301,4388.219178082191
11055,Roma Norte,107,0.5863013698630137,1882.027397260274
11056,Coyoacan,154,0.09315068493150686,430.3561643835617
11057,Narvarte,127,0.5150684931506849,1962.4109589041095
11058,Juarez,120,0.26575342465753427,956.7123287671234
11059,Del Valle,152,0.0027397260273972603,12.493150684931507
11060,Centro Historico,267,0.3589041095890411,2874.8219178082195
11061,Roma Norte,233,0.5589041095890411,3906.7397260273974
11062,Coyoacan,240,0.9232876712328767,6647.671232876713
11063,Juarez,181,0.5753424657534246,3124.1095890410957
11064,Coyoacan,173,0.3150684931506849,1635.2054794520548
11065,Del Valle,215,0.03287671232876712,212.05479452054792
11066,Condesa,64,0.32602739726027397,625.972602739726
11067,Coyoacan,91,0.8794520547945206,2400.904109589041
11068,Juarez,266,0.4547945205479452,3629.260273972603
11069,Coyoacan,180,0.9726027397260274,5252.054794520548
11070,Coyoacan,82,0.5561643835616439,1368.164383561644
11071,Coyoacan,228,0.6301369863013698,4310.13698630137
11072,Polanco,258,0.030136986301369864,233.26027397260276
11073,Polanco,170,0.3561643835616438,1816.4383561643835
11074,Condesa,56,0.3698630136986301,621.3698630136986
11075,Roma Norte,40,0.3972602739726027,476.71232876712327
11076,Coyoacan,238,0.9068493150684932,6474.904109589042
11077,Del Valle,273,0.9315068493150684,7629.04109589041
11078,Roma Norte,219,0.4767123287671233,3132.0
11079,Del Valle,254,0.07397260273972603,563.6712328767123
11080,Roma Norte,150,0.6219178082191781,2798.6301369863013
11081,Condesa,83,0.8602739726027397,2142.082191780822
11082,Coyoacan,207,0.0547945205479452,340.2739726027397
11083,Coyoacan,116,0.3287671232876712,1144.109589041096
11084,Centro Historico,79,0.8821917808219178,2090.7945205479455
11085,Del Valle,54,0.030136986301369864,48.82191780821918
11086,Roma Norte,255,0.852054794520548,6518.219178082192
11087,Roma Norte,157,0.6082191780821918,2864.7123287671234
11088,Narvarte,268,0.9178082191780822,7379.178082191781
11089,Narvarte,255,0.6410958904109589,4904.3835616438355
11090,Polanco,37,0.7835616438356164,869.7534246575342
11091,Centro Historico,216,0.010958904109589041,71.01369863013699
11092,Juarez,240,0.8438356164383561,6075.6164383561645
11093,Narvarte,74,0.8684931506849315,1928.0547945205478
11094,Juarez,93,0.18904109589041096,527.4246575342465
11095,Polanco,96,0.947945205479452,2730.082191780822
11096,Polanco,166,0.8931506849315068,4447.890410958904
11097,Polanco,94,0.30684931506849317,865.3150684931508
11098,Del Valle,156,0.22465753424657534,1051.3972602739725
11099,Del Valle,141,0.7342465753424657,3105.86301369863
11100,Condesa,130,0.30684931506849317,1196.7123287671234
11101,Condesa,269,0.07397260273972603,596.9589041095891
11102,Polanco,96,0.9342465753424658,2690.6301369863013
11103,Centro Historico,290,0.9643835616438357,8390.13698630137
11104,Roma Norte,83,0.4520547945205479,1125.6164383561643
11105,Del Valle,193,0.5150684931506849,2982.246575342466
11106,Centro Historico,158,0.9506849315068493,4506.246575342466
11107,Coyoacan,241,0.6767123287671233,4892.630136986301
11108,Del Valle,82,0.6,1476.0
11109,Del Valle,170,0.5534246575342465,2822.465753424657
11110,Condesa,235,0.40273972602739727,2839.3150684931506
11111,Roma Norte,284,0.23013698630136986,1960.7671232876712
11112,Roma Norte,243,0.5835616438356165,4254.164383561644
11113,Narvarte,245,0.7041095890410959,5175.2054794520545
11114,Juarez,226,0.13150684931506848,891.6164383561643
11115,Juarez,78,0.7863013698630137,1839.945205479452
11116,Juarez,63,0.29863013698630136,564.4109589041096
11117,Juarez,93,0.2602739726027397,726.1643835616438
11118,Coyoacan,105,0.2191780821917808,690.4109589041095
11119,Coyoacan,126,0.7589041095890411,2868.6575342465753
11120,Del Valle,299,0.5753424657534246,5160.821917808219
11121,Polanco,254,0.6712328767123288,5114.7945205479455
11122,Condesa,249,0.2684931506849315,2005.6438356164383
11123,Condesa,98,0.7205479452054795,2118.4109589041095
11124,Juarez,279,0.9397260273972603,7865.506849315068
11125,Del Valle,96,0.26301369863013696,757.4794520547945
11126,Narvarte,204,0.6767123287671233,4141.479452054795
11127,Centro Historico,88,0.07123287671232877,188.05479452054794
11128,Polanco,50,0.4575342465753425,686.3013698630137
11129,Del Valle,42,0.7150684931506849,900.986301369863
11130,Polanco,138,0.6876712328767123,2846.9589041095887
11131,Polanco,93,0.9534246575342465,2660.054794520548
11132,Polanco,74,0.7917808219178082,1757.7534246575342
11133,Del Valle,271,0.4520547945205479,3675.2054794520545
11134,Juarez,128,0.273972602739726,1052.0547945205478
11135,Condesa,256,0.9506849315068493,7301.260273972603
11136,Condesa,238,0.6547945205479452,4675.232876712329
11137,Juarez,172,0.24383561643835616,1258.1917808219177
11138,Polanco,241,0.7041095890410959,5090.712328767123
11139,Centro Historico,115,0.1589041095890411,548.2191780821918
11140,Roma Norte,252,0.5260273972602739,3976.767123287671
11141,Del Valle,36,0.589041095890411,636.1643835616438
11142,Roma Norte,212,0.2410958904109589,1533.3698630136987
11143,Narvarte,180,0.873972602739726,4719.45205479452
11144,Juarez,258,0.7726027397260274,5979.945205479453
11145,Centro Historico,96,0.7753424657534247,2232.986301369863
11146,Del Valle,273,0.13150684931506848,1077.0410958904108
11147,Juarez,229,0.4301369863013699,2955.041095890411
11148,Polanco,200,0.6191780821917808,3715.068493150685
11149,Condesa,256,0.3013698630136986,2314.520547945205
11150,Roma Norte,95,0.12054794520547946,343.56164383561645
11151,Coyoacan,163,0.810958904109589,3965.5890410958905
11152,Coyoacan,207,0.21095890410958903,1310.0547945205478
11153,Centro Historico,190,0.6931506849315069,3950.958904109589
11154,Polanco,144,0.1643835616438356,710.1369863013698
11155,Narvarte,108,0.09863013698630137,319.56164383561645
11156,Roma Norte,241,0.0410958904109589,297.12328767123284
11157,Polanco,238,0.5616438356164384,4010.13698630137
11158,Roma Norte,195,0.5452054794520548,3189.4520547945203
11159,Centro Historico,62,0.410958904109589,764.3835616438356
11160,Centro Historico,291,0.4849315068493151,4233.45205479452
11161,Narvarte,199,0.43561643835616437,2600.6301369863013
11162,Coyoacan,97,0.3643835616438356,1060.3561643835617
11163,Polanco,56,0.7315068493150685,1228.9315068493152
11164,Del Valle,104,0.18904109589041096,589.8082191780821
11165,Coyoacan,130,0.2191780821917808,854.7945205479451
11166,Polanco,197,0.3287671232876712,1943.0136986301368
11167,Coyoacan,113,0.473972602739726,1606.7671232876712
11168,Del Valle,39,0.40273972602739727,471.2054794520548
11169,Condesa,154,0.6191780821917808,2860.6027397260273
11170,Condesa,212,0.5561643835616439,3537.205479452055
11171,Narvarte,210,0.9397260273972603,5920.27397260274
11172,Condesa,251,0.6410958904109589,4827.45205479452
11173,Condesa,90,0.3726027397260274,1006.027397260274
11174,Juarez,221,0.684931506849315,4541.095890410958
11175,Roma Norte,266,0.7835616438356164,6252.821917808219
11176,Juarez,289,0.4410958904109589,3824.301369863014
11177,Juarez,138,0.4657534246575342,1928.2191780821918
11178,Narvarte,111,0.7041095890410959,2344.6849315068494
11179,Juarez,264,0.7506849315068493,5945.424657534247
11180,Condesa,292,0.7698630136986301,6743.999999999999
11181,Del Valle,298,0.043835616438356165,391.8904109589041
11182,Narvarte,216,0.44931506849315067,2911.5616438356165
11183,Narvarte,290,0.08493150684931507,738.9041095890411
11184,Centro Historico,72,0.38904109589041097,840.3287671232877
11185,Narvarte,210,0.11232876712328767,707.6712328767123
11186,Centro Historico,61,0.10410958904109589,190.5205479452055
11187,Narvarte,174,0.5808219178082191,3031.890410958904
11188,Roma Norte,125,0.3835616438356164,1438.3561643835615
11189,Condesa,95,0.08767123287671233,249.86301369863014
11190,Narvarte,197,0.9342465753424658,5521.397260273973
11191,Condesa,177,0.38082191780821917,2022.1643835616437
11192,Condesa,287,0.8794520547945206,7572.0821917808225
11193,Coyoacan,221,0.473972602739726,3142.4383561643835
11194,Narvarte,120,0.2356164383561644,848.2191780821918
11195,Polanco,200,0.7013698630136986,4208.219178082192
11196,Coyoacan,148,0.9561643835616438,4245.369863013699
11197,Polanco,217,0.8931506849315068,5814.41095890411
11198,Condesa,241,0.13972602739726028,1010.2191780821919
11199,Condesa,290,0.5808219178082191,5053.1506849315065
11200,Coyoacan,269,0.6712328767123288,5416.8493150684935
11201,Coyoacan,37,0.33972602739726027,377.0958904109589
11202,Polanco,242,0.4849315068493151,3520.6027397260273
11203,Centro Historico,231,0.7780821917808219,5392.109589041096
11204,Polanco,159,0.4,1908.0
11205,Coyoacan,172,0.3726027397260274,1922.6301369863015
11206,Del Valle,59,0.7561643835616438,1338.4109589041095
11207,Coyoacan,102,0.7479452054794521,2288.7123287671234
11208,Del Valle,95,0.8602739726027397,2451.780821917808
11209,Roma Norte,63,0.2273972602739726,429.7808219178082
11210,Coyoacan,53,0.4520547945205479,718.7671232876712
11211,Roma Norte,205,0.5013698630136987,3083.4246575342468
11212,Centro Historico,108,0.9561643835616438,3097.972602739726
11213,Polanco,95,0.5506849315068493,1569.4520547945203
11214,Del Valle,187,0.947945205479452,5317.972602739726
11215,Polanco,82,0.8821917808219178,2170.1917808219177
11216,Roma Norte,245,0.8767123287671232,6443.835616438356
11217,Del Valle,173,0.958904109589041,4976.712328767123
11218,Polanco,144,0.3863013698630137,1668.8219178082193
11219,Coyoacan,217,0.6082191780821918,3959.506849315069
11220,Condesa,62,0.19452054794520549,361.8082191780822
11221,Roma Norte,231,0.6301369863013698,4366.849315068493
11222,Polanco,225,0.052054794520547946,351.36986301369865
11223,Roma Norte,85,0.4986301369863014,1271.5068493150686
11224,Juarez,183,0.5589041095890411,3068.383561643836
11225,Roma Norte,84,0.0684931506849315,172.60273972602738
11226,Del Valle,280,0.9041095890410958,7594.520547945205
11227,Juarez,147,0.6602739726027397,2911.808219178082
11228,Narvarte,204,0.19726027397260273,1207.2328767123288
11229,Del Valle,200,0.7698630136986301,4619.17808219178
11230,Condesa,48,0.5205479452054794,749.5890410958904
11231,Juarez,237,0.4575342465753425,3253.068493150685
11232,Narvarte,223,0.7616438356164383,5095.397260273972
11233,Coyoacan,189,0.7287671232876712,4132.109589041096
11234,Roma Norte,89,0.4931506849315068,1316.7123287671232
11235,Polanco,216,0.9178082191780822,5947.397260273972
11236,Centro Historico,244,0.8273972602739726,6056.54794520548
11237,Roma Norte,109,0.4712328767123288,1540.9315068493152
11238,Narvarte,167,0.36712328767123287,1839.2876712328766
11239,Roma Norte,93,0.11232876712328767,313.3972602739726
11240,Condesa,216,0.07671232876712329,497.09589041095893
11241,Coyoacan,98,0.4849315068493151,1425.6986301369864
11242,Centro Historico,294,0.2191780821917808,1933.1506849315067
11243,Juarez,227,0.6684931506849315,4552.438356164384
11244,Juarez,177,0.36164383561643837,1920.3287671232877
11245,Juarez,138,0.38904109589041097,1610.6301369863015
11246,Narvarte,248,0.8136986301369863,6053.917808219178
11247,Del Valle,276,0.07945205479452055,657.8630136986302
11248,Del Valle,243,0.6767123287671233,4933.232876712329
11249,Polanco,127,0.5452054794520548,2077.2328767123286
11250,Centro Historico,176,0.4520547945205479,2386.849315068493
11251,Juarez,146,0.4273972602739726,1872.0
11252,Del Valle,93,0.12054794520547946,336.32876712328766
11253,Narvarte,77,0.4383561643835616,1012.6027397260274
11254,Polanco,241,0.8794520547945206,6358.438356164384
11255,Coyoacan,152,0.3013698630136986,1374.2465753424656
11256,Polanco,54,0.32602739726027397,528.1643835616438
11257,Del Valle,256,0.6904109589041096,5302.356164383562
11258,Condesa,200,0.9561643835616438,5736.986301369863
11259,Narvarte,165,0.2,990.0
11260,Condesa,190,0.9726027397260274,5543.835616438356
11261,Juarez,218,0.37534246575342467,2454.7397260273974
11262,Condesa,124,0.3452054794520548,1284.164383561644
11263,Juarez,128,0.5041095890410959,1935.7808219178085
11264,Juarez,47,0.736986301369863,1039.1506849315067
11265,Del Valle,264,0.863013698630137,6835.068493150685
11266,Condesa,60,0.6383561643835617,1149.041095890411
11267,Juarez,109,0.0684931506849315,223.97260273972603
11268,Centro Historico,184,0.1589041095890411,877.1506849315069
11269,Coyoacan,182,0.4876712328767123,2662.6849315068494
11270,Polanco,42,0.8027397260273973,1011.4520547945206
11271,Polanco,63,0.5232876712328767,989.0136986301369
11272,Del Valle,243,0.46301369863013697,3375.3698630136987
11273,Condesa,162,0.40273972602739727,1957.3150684931506
11274,Condesa,150,0.35342465753424657,1590.4109589041095
11275,Juarez,178,0.8438356164383561,4506.082191780822
11276,Narvarte,269,0.36164383561643837,2918.4657534246576
11277,Roma Norte,41,0.9671232876712329,1189.5616438356165
11278,Juarez,79,0.4958904109589041,1175.2602739726028
11279,Coyoacan,273,0.7041095890410959,5766.657534246575
11280,Centro Historico,189,0.6575342465753424,3728.219178082192
11281,Polanco,215,0.2356164383561644,1519.7260273972604
11282,Juarez,249,0.2821917808219178,2107.972602739726
11283,Roma Norte,122,0.10684931506849316,391.06849315068496
11284,Roma Norte,290,0.7150684931506849,6221.095890410958
11285,Juarez,107,0.2273972602739726,729.945205479452
11286,Del Valle,213,0.9095890410958904,5812.27397260274
11287,Polanco,246,0.6575342465753424,4852.602739726027
11288,Del Valle,268,0.5616438356164384,4515.6164383561645
11289,Centro Historico,273,0.049315068493150684,403.8904109589041
11290,Roma Norte,257,0.8383561643835616,6463.726027397261
11291,Roma Norte,153,0.410958904109589,1886.3013698630136
11292,Coyoacan,298,0.057534246575342465,514.3561643835617
11293,Centro Historico,241,0.7589041095890411,5486.876712328767
11294,Roma Norte,129,0.7835616438356164,3032.3835616438355
11295,Centro Historico,256,0.9013698630136986,6922.520547945205
11296,Polanco,265,0.2328767123287671,1851.3698630136985
11297,Condesa,153,0.8383561643835616,3848.054794520548
11298,Roma Norte,98,0.17534246575342466,515.5068493150685
11299,Coyoacan,45,0.29863013698630136,403.1506849315068
11300,Polanco,132,0.25205479452054796,998.1369863013699
11301,Juarez,105,0.7589041095890411,2390.547945205479
11302,Centro Historico,92,0.4547945205479452,1255.2328767123288
11303,Juarez,285,0.8465753424657534,7238.219178082191
11304,Del Valle,84,0.005479452054794521,13.808219178082192
11305,Polanco,250,0.010958904109589041,82.1917808219178
11306,Juarez,86,0.4575342465753425,1180.4383561643835
11307,Narvarte,118,0.273972602739726,969.8630136986301
11308,Narvarte,160,0.36712328767123287,1762.1917808219177
11309,Roma Norte,106,0.3150684931506849,1001.917808219178
11310,Centro Historico,270,0.23835616438356164,1930.6849315068494
11311,Condesa,90,0.9726027397260274,2626.027397260274
11312,Polanco,144,0.8821917808219178,3811.0684931506853
11313,Roma Norte,226,0.7589041095890411,5145.369863013699
11314,Coyoacan,127,0.3287671232876712,1252.6027397260273
11315,Del Valle,90,0.06027397260273973,162.73972602739727
11316,Centro Historico,94,0.019178082191780823,54.08219178082192
11317,Polanco,172,0.7068493150684931,3647.3424657534247
11318,Narvarte,73,0.7506849315068493,1644.0
11319,Polanco,62,0.44931506849315067,835.7260273972603
11320,Condesa,83,0.2821917808219178,702.6575342465753
11321,Narvarte,159,0.8712328767123287,4155.780821917808
11322,Condesa,47,0.936986301369863,1321.150684931507
11323,Coyoacan,70,0.024657534246575342,51.78082191780822
11324,Del Valle,135,0.12602739726027398,510.41095890410963
11325,Coyoacan,120,0.40273972602739727,1449.86301369863
11326,Roma Norte,38,0.7315068493150685,833.917808219178
11327,Roma Norte,257,0.821917808219178,6336.986301369862
11328,Coyoacan,200,0.7178082191780822,4306.8493150684935
11329,Del Valle,164,0.7205479452054795,3545.095890410959
11330,Coyoacan,65,0.043835616438356165,85.47945205479452
11331,Del Valle,45,0.7424657534246575,1002.3287671232875
11332,Del Valle,130,0.3041095890410959,1186.027397260274
11333,Juarez,224,0.915068493150685,6149.260273972603
11334,Narvarte,226,0.1780821917808219,1207.3972602739725
11335,Centro Historico,162,0.23013698630136986,1118.4657534246576
11336,Del Valle,272,0.136986301369863,1117.808219178082
11337,Condesa,146,0.6410958904109589,2808.0
11338,Del Valle,179,0.6246575342465753,3354.4109589041095
11339,Del Valle,99,0.6657534246575343,1977.2876712328768
11340,Del Valle,281,0.2273972602739726,1916.9589041095892
11341,Juarez,257,0.0547945205479452,422.4657534246575
11342,Narvarte,140,0.6191780821917808,2600.5479452054797
11343,Juarez,215,0.6136986301369863,3958.356164383562
11344,Roma Norte,218,0.7424657534246575,4855.72602739726
11345,Juarez,260,0.01643835616438356,128.21917808219177
11346,Condesa,299,0.7534246575342466,6758.219178082192
11347,Condesa,123,0.08493150684931507,313.3972602739726
11348,Juarez,210,0.7863013698630137,4953.698630136986
11349,Narvarte,52,0.5698630136986301,888.986301369863
11350,Coyoacan,140,0.9315068493150684,3912.3287671232874
11351,Centro Historico,201,0.13424657534246576,809.5068493150685
11352,Narvarte,47,0.6876712328767123,969.6164383561643
11353,Juarez,66,0.5232876712328767,1036.109589041096
11354,Del Valle,74,0.4246575342465753,942.7397260273972
11355,Polanco,182,0.43561643835616437,2378.4657534246576
11356,Centro Historico,252,0.4684931506849315,3541.8082191780823
11357,Centro Historico,253,0.09315068493150686,707.013698630137
11358,Condesa,116,0.2493150684931507,867.6164383561644
11359,Centro Historico,242,0.7013698630136986,5091.945205479452
11360,Juarez,235,0.038356164383561646,270.4109589041096
11361,Del Valle,72,0.09863013698630137,213.04109589041096
11362,Del Valle,245,0.38904109589041097,2859.452054794521
11363,Roma Norte,283,0.2136986301369863,1814.3013698630139
11364,Del Valle,261,0.5315068493150685,4161.698630136986
11365,Narvarte,82,0.5452054794520548,1341.2054794520548
11366,Del Valle,52,0.2876712328767123,448.7671232876712
11367,Condesa,230,0.7095890410958904,4896.164383561643
11368,Del Valle,221,0.9260273972602739,6139.561643835616
11369,Roma Norte,258,0.07945205479452055,614.9589041095891
11370,Polanco,263,0.7095890410958904,5598.657534246575
11371,Juarez,111,0.9726027397260274,3238.7671232876714
11372,Condesa,222,0.3835616438356164,2554.520547945205
11373,Narvarte,129,0.6136986301369863,2375.0136986301372
11374,Polanco,166,0.26301369863013696,1309.808219178082
11375,Condesa,73,0.6328767123287671,1386.0
11376,Coyoacan,106,0.7506849315068493,2387.178082191781
11377,Centro Historico,194,0.2,1164.0
11378,Coyoacan,221,0.5068493150684932,3360.41095890411
11379,Del Valle,225,0.8136986301369863,5492.465753424657
11380,Polanco,154,0.8876712328767123,4101.041095890411
11381,Del Valle,254,0.5342465753424658,4070.958904109589
11382,Centro Historico,87,0.19726027397260273,514.8493150684932
11383,Condesa,256,0.684931506849315,5260.273972602739
11384,Centro Historico,165,0.6876712328767123,3403.972602739726
11385,Roma Norte,271,0.3506849315068493,2851.068493150685
11386,Centro Historico,280,0.4602739726027397,3866.301369863014
11387,Roma Norte,260,0.7835616438356164,6111.780821917809
11388,Centro Historico,242,0.10410958904109589,755.8356164383562
11389,Juarez,130,0.18082191780821918,705.2054794520549
11390,Roma Norte,234,0.736986301369863,5173.643835616438
11391,Polanco,281,0.821917808219178,6928.767123287671
11392,Del Valle,106,0.6657534246575343,2117.095890410959
11393,Narvarte,219,0.9397260273972603,6174.0
11394,Del Valle,40,0.9260273972602739,1111.2328767123288
11395,Coyoacan,240,0.4767123287671233,3432.3287671232874
11396,Del Valle,66,0.6657534246575343,1318.191780821918
11397,Condesa,133,0.34794520547945207,1388.3013698630139
11398,Juarez,290,0.5068493150684932,4409.589041095891
11399,Centro Historico,221,0.16712328767123288,1108.027397260274
11400,Coyoacan,110,0.4575342465753425,1509.86301369863
11401,Condesa,211,0.7589041095890411,4803.86301369863
11402,Condesa,289,0.5753424657534246,4988.219178082191
11403,Roma Norte,224,0.4767123287671233,3203.5068493150684
11404,Del Valle,161,0.1917808219178082,926.3013698630136
11405,Polanco,288,0.29041095890410956,2509.1506849315065
11406,Narvarte,247,0.005479452054794521,40.602739726027394
11407,Polanco,284,0.11506849315068493,980.3835616438356
11408,Coyoacan,118,0.4383561643835616,1551.7808219178082
11409,Juarez,47,0.09041095890410959,127.47945205479452
11410,Polanco,79,0.7808219178082192,1850.5479452054794
11411,Centro Historico,161,0.2958904109589041,1429.150684931507
11412,Polanco,148,0.5753424657534246,2554.520547945205
11413,Coyoacan,239,0.684931506849315,4910.958904109589
11414,Narvarte,92,0.2547945205479452,703.2328767123288
11415,Polanco,253,0.1643835616438356,1247.6712328767123
11416,Centro Historico,143,0.7835616438356164,3361.4794520547944
11417,Roma Norte,208,0.4465753424657534,2786.6301369863013
11418,Juarez,298,0.7890410958904109,7054.027397260274
11419,Coyoacan,145,0.13972602739726028,607.8082191780823
11420,Roma Norte,221,0.8328767123287671,5521.972602739726
11421,Roma Norte,263,0.19452054794520549,1534.7671232876712
11422,Roma Norte,190,0.06027397260273973,343.56164383561645
11423,Condesa,223,0.9506849315068493,6360.082191780822
11424,Juarez,36,0.2876712328767123,310.6849315068493
11425,Narvarte,280,0.06575342465753424,552.3287671232877
11426,Del Valle,244,0.1589041095890411,1163.178082191781
11427,Juarez,47,0.4712328767123288,664.4383561643835
11428,Condesa,130,0.4849315068493151,1891.2328767123288
11429,Del Valle,255,0.4328767123287671,3311.5068493150684
11430,Juarez,272,0.6246575342465753,5097.2054794520545
11431,Roma Norte,128,0.9205479452054794,3534.904109589041
11432,Coyoacan,205,0.07671232876712329,471.7808219178082
11433,Del Valle,128,0.7972602739726027,3061.4794520547944
11434,Centro Historico,183,0.4767123287671233,2617.150684931507
11435,Centro Historico,146,0.3150684931506849,1380.0
11436,Polanco,89,0.9095890410958904,2428.6027397260277
11437,Del Valle,150,0.7479452054794521,3365.753424657534
11438,Coyoacan,177,0.10136986301369863,538.2739726027397
11439,Narvarte,235,0.4684931506849315,3302.876712328767
11440,Condesa,214,0.1095890410958904,703.5616438356165
11441,Roma Norte,236,0.7041095890410959,4985.095890410958
11442,Polanco,87,0.8054794520547945,2102.301369863014
11443,Centro Historico,214,0.1917808219178082,1231.2328767123288
11444,Condesa,171,0.915068493150685,4694.301369863014
11445,Condesa,216,0.39452054794520547,2556.4931506849316
11446,Roma Norte,35,0.6301369863013698,661.6438356164383
11447,Narvarte,78,0.8602739726027397,2013.041095890411
11448,Narvarte,261,0.7068493150684931,5534.630136986301
11449,Del Valle,132,0.8904109589041096,3526.027397260274
11450,Centro Historico,242,0.5424657534246575,3938.301369863014
11451,Narvarte,299,0.6684931506849315,5996.3835616438355
11452,Coyoacan,174,0.29863013698630136,1558.849315068493
11453,Narvarte,271,0.6410958904109589,5212.109589041096
11454,Condesa,106,0.2273972602739726,723.1232876712329
11455,Roma Norte,189,0.16986301369863013,963.1232876712329
11456,Coyoacan,224,0.40821917808219177,2743.2328767123286
11457,Del Valle,141,0.673972602739726,2850.904109589041
11458,Centro Historico,266,0.2136986301369863,1705.3150684931509
11459,Del Valle,76,0.821917808219178,1873.972602739726
11460,Condesa,224,0.8191780821917808,5504.876712328767
11461,Coyoacan,173,0.1780821917808219,924.2465753424657
11462,Coyoacan,137,0.663013698630137,2724.986301369863
11463,Coyoacan,205,0.13150684931506848,808.7671232876711
11464,Condesa,255,0.0410958904109589,314.3835616438356
11465,Condesa,247,0.4328767123287671,3207.6164383561645
11466,Del Valle,90,0.0958904109589041,258.90410958904107
11467,Polanco,136,0.4849315068493151,1978.5205479452054
11468,Del Valle,226,0.37534246575342467,2544.821917808219
11469,Centro Historico,234,0.21643835616438356,1519.3972602739725
11470,Roma Norte,267,0.9315068493150684,7461.369863013698
11471,Coyoacan,261,0.8082191780821918,6328.356164383562
11472,Polanco,173,0.8273972602739726,4294.191780821918
11473,Roma Norte,183,0.5150684931506849,2827.72602739726
11474,Polanco,149,0.9041095890410958,4041.3698630136983
11475,Narvarte,97,0.0547945205479452,159.45205479452054
11476,Narvarte,138,0.7972602739726027,3300.6575342465753
11477,Juarez,190,0.7013698630136986,3997.8082191780823
11478,Narvarte,40,0.7726027397260274,927.1232876712329
11479,Del Valle,181,0.44931506849315067,2439.780821917808
11480,Narvarte,218,0.5068493150684932,3314.7945205479455
11481,Condesa,62,0.2273972602739726,422.95890410958907
11482,Coyoacan,72,0.46301369863013697,1000.1095890410959
11483,Del Valle,153,0.9123287671232877,4187.589041095891
11484,Roma Norte,278,0.4794520547945205,3998.6301369863013
11485,Juarez,102,0.07945205479452055,243.1232876712329
11486,Juarez,248,0.6794520547945205,5055.123287671233
11487,Juarez,252,0.057534246575342465,434.958904109589
11488,Roma Norte,211,0.5315068493150685,3364.438356164384
11489,Roma Norte,198,0.14794520547945206,878.7945205479452
11490,Roma Norte,92,0.410958904109589,1134.2465753424658
11491,Roma Norte,92,0.7616438356164383,2102.1369863013697
11492,Juarez,139,0.9315068493150684,3884.3835616438355
11493,Juarez,262,0.07945205479452055,624.4931506849316
11494,Polanco,281,0.7123287671232876,6004.931506849315
11495,Del Valle,222,0.5726027397260274,3813.5342465753424
11496,Coyoacan,117,0.9698630136986301,3404.219178082192
11497,Narvarte,220,0.947945205479452,6256.438356164384
11498,Narvarte,286,0.6328767123287671,5430.082191780822
11499,Condesa,272,0.7534246575342466,6147.945205479452
11500,Juarez,218,0.5917808219178082,3870.246575342466
