listing_id,review_date,review_length
10790,2023-01-01,223
11174,2023-01-02,393
10553,2023-01-03,33
11375,2023-01-04,120
10116,2023-01-05,220
10632,2023-01-06,261
11261,2023-01-07,337
10270,2023-01-08,181
10861,2023-01-09,103
10291,2023-01-10,330
11458,2023-01-11,25
10009,2023-01-12,63
10630,2023-01-13,398
10864,2023-01-14,75
10475,2023-01-15,185
10537,2023-01-16,157
10685,2023-01-17,221
11035,2023-01-18,215
10613,2023-01-19,19
10777,2023-01-20,225
11351,2023-01-21,43
10595,2023-01-22,204
10276,2023-01-23,202
10370,2023-01-24,339
10345,2023-01-25,269
10368,2023-01-26,164
11335,2023-01-27,27
10731,2023-01-28,386
10015,2023-01-29,380
10758,2023-01-30,171
10688,2023-01-31,94
10004,2023-02-01,370
11400,2023-02-02,287
11393,2023-02-03,162
11489,2023-02-04,220
10533,2023-02-05,128
10986,2023-02-06,20
11161,2023-02-07,292
10834,2023-02-08,246
10363,2023-02-09,151
11240,2023-02-10,174
11392,2023-02-11,358
10117,2023-02-12,303
11203,2023-02-13,219
11270,2023-02-14,340
10128,2023-02-15,319
11382,2023-02-16,374
10078,2023-02-17,172
10741,2023-02-18,372
11317,2023-02-19,120
10774,2023-02-20,96
10082,2023-02-21,356
10342,2023-02-22,284
11362,2023-02-23,63
10819,2023-02-24,220
10578,2023-02-25,232
10096,2023-02-26,320
11169,2023-02-27,178
10577,2023-02-28,293
10521,2023-03-01,336
11421,2023-03-02,245
10996,2023-03-03,213
10357,2023-03-04,385
10186,2023-03-05,228
10543,2023-03-06,298
10151,2023-03-07,290
11343,2023-03-08,199
11083,2023-03-09,224
10010,2023-03-10,135
10857,2023-03-11,230
11148,2023-03-12,111
10356,2023-03-13,133
11370,2023-03-14,379
10794,2023-03-15,296
10237,2023-03-16,120
10333,2023-03-17,332
10017,2023-03-18,396
11448,2023-03-19,156
10324,2023-03-20,337
10023,2023-03-21,282
10931,2023-03-22,305
10459,2023-03-23,380
11484,2023-03-24,181
10521,2023-03-25,174
10719,2023-03-26,245
10557,2023-03-27,28
11445,2023-03-28,207
10403,2023-03-29,169
11355,2023-03-30,115
10457,2023-03-31,74
11051,2023-04-01,57
10397,2023-04-02,207
11212,2023-04-03,325
10140,2023-04-04,123
10521,2023-04-05,107
10746,2023-04-06,230
10092,2023-04-07,177
10077,2023-04-08,365
10852,2023-04-09,248
11268,2023-04-10,365
10845,2023-04-11,181
10667,2023-04-12,162
10959,2023-04-13,42
10989,2023-04-14,273
10797,2023-04-15,100
10088,2023-04-16,122
10915,2023-04-17,131
11318,2023-04-18,378
10095,2023-04-19,29
11277,2023-04-20,225
10551,2023-04-21,332
10399,2023-04-22,45
10767,2023-04-23,296
11078,2023-04-24,199
10243,2023-04-25,80
11134,2023-04-26,385
10624,2023-04-27,330
10701,2023-04-28,77
11245,2023-04-29,242
10564,2023-04-30,115
10162,2023-05-01,370
10035,2023-05-02,153
10966,2023-05-03,133
10037,2023-05-04,71
10846,2023-05-05,145
10829,2023-05-06,51
10623,2023-05-07,125
11394,2023-05-08,167
11201,2023-05-09,264
10521,2023-05-10,256
11299,2023-05-11,222
10105,2023-05-12,382
10156,2023-05-13,184
10336,2023-05-14,271
11050,2023-05-15,293
10296,2023-05-16,377
11379,2023-05-17,127
10886,2023-05-18,189
10069,2023-05-19,103
11351,2023-05-20,149
10151,2023-05-21,308
10857,2023-05-22,317
10577,2023-05-23,373
10662,2023-05-24,220
11344,2023-05-25,332
10757,2023-05-26,87
10452,2023-05-27,273
10570,2023-05-28,372
11136,2023-05-29,162
10635,2023-05-30,239
11486,2023-05-31,119
10362,2023-06-01,58
10203,2023-06-02,370
10487,2023-06-03,40
10004,2023-06-04,318
11153,2023-06-05,275
11050,2023-06-06,73
10801,2023-06-07,75
10977,2023-06-08,319
10027,2023-06-09,84
11066,2023-06-10,285
10965,2023-06-11,271
10064,2023-06-12,398
11049,2023-06-13,139
10072,2023-06-14,33
10900,2023-06-15,133
10268,2023-06-16,334
10095,2023-06-17,80
10395,2023-06-18,259
10869,2023-06-19,71
10364,2023-06-20,58
11339,2023-06-21,26
10117,2023-06-22,392
10164,2023-06-23,250
10877,2023-06-24,38
10790,2023-06-25,271
10577,2023-06-26,298
10306,2023-06-27,338
10772,2023-06-28,375
10200,2023-06-29,265
10180,2023-06-30,108
10358,2023-07-01,394
10740,2023-07-02,394
11276,2023-07-03,36
11323,2023-07-04,171
10430,2023-07-05,103
11028,2023-07-06,216
10653,2023-07-07,211
10678,2023-07-08,59
10254,2023-07-09,394
10941,2023-07-10,93
11120,2023-07-11,53
10167,2023-07-12,298
11355,2023-07-13,169
10965,2023-07-14,163
10854,2023-07-15,357
11086,2023-07-16,66
10174,2023-07-17,265
11277,2023-07-18,396
11485,2023-07-19,161
10624,2023-07-20,343
11239,2023-07-21,364
11263,2023-07-22,272
10415,2023-07-23,287
10739,2023-07-24,139
10675,2023-07-25,218
10126,2023-07-26,270
10941,2023-07-27,145
10253,2023-07-28,35
10197,2023-07-29,92
10413,2023-07-30,349
11480,2023-07-31,65
10776,2023-08-01,376
11078,2023-08-02,375
11363,2023-08-03,280
11383,2023-08-04,130
11175,2023-08-05,69
11124,2023-08-06,306
10234,2023-08-07,65
11086,2023-08-08,344
10196,2023-08-09,287
10542,2023-08-10,268
11130,2023-08-11,75
10295,2023-08-12,361
10645,2023-08-13,365
11475,2023-08-14,239
10156,2023-08-15,350
10406,2023-08-16,117
10896,2023-08-17,62
10726,2023-08-18,239
10738,2023-08-19,356
10797,2023-08-20,247
10554,2023-08-21,84
10375,2023-08-22,61
10455,2023-08-23,242
10202,2023-08-24,24
11476,2023-08-25,199
11211,2023-08-26,94
10854,2023-08-27,27
10724,2023-08-28,328
11392,2023-08-29,354
10340,2023-08-30,338
10262,2023-08-31,98
10543,2023-09-01,100
10551,2023-09-02,171
11330,2023-09-03,158
10638,2023-09-04,77
10165,2023-09-05,57
10758,2023-09-06,172
10621,2023-09-07,199
11112,2023-09-08,300
11224,2023-09-09,337
11295,2023-09-10,38
10051,2023-09-11,371
10489,2023-09-12,219
10198,2023-09-13,376
11047,2023-09-14,238
10665,2023-09-15,115
11247,2023-09-16,218
11245,2023-09-17,22
10663,2023-09-18,186
10266,2023-09-19,222
10073,2023-09-20,110
10077,2023-09-21,176
10544,2023-09-22,305
10881,2023-09-23,110
10435,2023-09-24,320
11089,2023-09-25,159
10357,2023-09-26,272
10936,2023-09-27,314
10018,2023-09-28,116
10676,2023-09-29,191
10575,2023-09-30,342
10751,2023-10-01,124
11460,2023-10-02,212
10996,2023-10-03,143
11465,2023-10-04,373
11033,2023-10-05,151
11494,2023-10-06,41
10632,2023-10-07,151
11372,2023-10-08,178
10372,2023-10-09,363
10970,2023-10-10,370
11199,2023-10-11,145
11154,2023-10-12,387
11317,2023-10-13,165
10353,2023-10-14,392
10224,2023-10-15,260
10954,2023-10-16,124
10368,2023-10-17,87
11114,2023-10-18,300
10656,2023-10-19,289
11096,2023-10-20,372
10433,2023-10-21,81
11372,2023-10-22,64
11287,2023-10-23,318
11295,2023-10-24,17
10509,2023-10-25,240
10508,2023-10-26,80
10617,2023-10-27,169
10420,2023-10-28,376
11096,2023-10-29,125
10074,2023-10-30,310
10574,2023-10-31,395
10146,2023-11-01,270
10046,2023-11-02,288
11129,2023-11-03,169
11133,2023-11-04,153
11341,2023-11-05,181
10121,2023-11-06,33
11067,2023-11-07,359
10099,2023-11-08,237
10706,2023-11-09,71
10311,2023-11-10,308
11238,2023-11-11,147
11487,2023-11-12,352
10423,2023-11-13,306
11413,2023-11-14,358
11136,2023-11-15,219
10272,2023-11-16,133
10825,2023-11-17,267
11126,2023-11-18,99
10210,2023-11-19,199
10739,2023-11-20,239
10793,2023-11-21,162
11046,2023-11-22,294
10760,2023-11-23,241
10159,2023-11-24,300
10741,2023-11-25,298
10343,2023-11-26,195
11424,2023-11-27,123
11478,2023-11-28,149
10699,2023-11-29,305
11167,2023-11-30,389
10397,2023-12-01,304
10536,2023-12-02,117
10141,2023-12-03,215
10961,2023-12-04,131
10240,2023-12-05,346
10292,2023-12-06,324
10817,2023-12-07,43
10082,2023-12-08,41
10560,2023-12-09,27
10870,2023-12-10,56
10171,2023-12-11,238
10977,2023-12-12,35
10580,2023-12-13,150
10526,2023-12-14,340
10542,2023-12-15,235
10110,2023-12-16,159
11236,2023-12-17,24
11462,2023-12-18,239
10322,2023-12-19,155
10900,2023-12-20,120
10714,2023-12-21,282
10084,2023-12-22,208
10956,2023-12-23,142
10376,2023-12-24,227
11077,2023-12-25,165
11280,2023-12-26,398
10586,2023-12-27,194
11244,2023-12-28,331
10100,2023-12-29,40
10129,2023-12-30,29
10918,2023-12-31,36
10219,2024-01-01,359
10477,2024-01-02,79
11482,2024-01-03,265
10022,2024-01-04,35
10560,2024-01-05,247
10629,2024-01-06,30
11019,2024-01-07,286
11353,2024-01-08,219
10339,2024-01-09,312
10179,2024-01-10,174
10421,2024-01-11,55
11007,2024-01-12,122
10049,2024-01-13,139
10767,2024-01-14,166
10030,2024-01-15,27
10085,2024-01-16,217
10789,2024-01-17,93
10329,2024-01-18,56
10610,2024-01-19,183
10434,2024-01-20,263
10588,2024-01-21,135
11273,2024-01-22,286
11158,2024-01-23,314
10690,2024-01-24,223
11389,2024-01-25,172
10425,2024-01-26,135
11439,2024-01-27,241
10770,2024-01-28,38
10512,2024-01-29,244
11409,2024-01-30,40
11412,2024-01-31,72
11012,2024-02-01,279
11473,2024-02-02,140
10564,2024-02-03,289
10303,2024-02-04,42
10099,2024-02-05,315
11330,2024-02-06,142
10557,2024-02-07,108
10042,2024-02-08,205
10991,2024-02-09,286
10468,2024-02-10,19
10440,2024-02-11,171
10327,2024-02-12,66
10569,2024-02-13,257
10033,2024-02-14,165
10412,2024-02-15,276
10812,2024-02-16,319
11138,2024-02-17,94
10508,2024-02-18,197
10056,2024-02-19,368
11376,2024-02-20,121
11353,2024-02-21,168
10546,2024-02-22,307
11294,2024-02-23,219
10196,2024-02-24,130
10413,2024-02-25,31
10637,2024-02-26,302
11103,2024-02-27,170
11107,2024-02-28,39
10742,2024-02-29,292
10137,2024-03-01,331
10539,2024-03-02,140
10689,2024-03-03,314
10719,2024-03-04,372
10933,2024-03-05,290
10306,2024-03-06,379
11335,2024-03-07,192
10388,2024-03-08,358
10725,2024-03-09,61
10915,2024-03-10,214
10549,2024-03-11,65
10506,2024-03-12,309
10388,2024-03-13,284
10293,2024-03-14,211
10179,2024-03-15,35
10672,2024-03-16,157
11453,2024-03-17,262
11336,2024-03-18,370
10080,2024-03-19,367
11038,2024-03-20,15
11078,2024-03-21,379
10447,2024-03-22,352
10766,2024-03-23,288
11089,2024-03-24,255
11396,2024-03-25,72
10503,2024-03-26,140
10570,2024-03-27,343
10096,2024-03-28,380
11284,2024-03-29,66
10585,2024-03-30,237
10248,2024-03-31,316
10127,2024-04-01,377
10499,2024-04-02,283
10046,2024-04-03,110
10982,2024-04-04,287
10268,2024-04-05,337
10094,2024-04-06,75
10736,2024-04-07,335
11340,2024-04-08,195
10612,2024-04-09,147
10071,2024-04-10,103
10593,2024-04-11,187
10449,2024-04-12,326
11391,2024-04-13,19
10620,2024-04-14,371
10614,2024-04-15,357
11434,2024-04-16,218
10091,2024-04-17,176
10877,2024-04-18,75
10528,2024-04-19,204
11134,2024-04-20,339
10775,2024-04-21,77
10672,2024-04-22,58
10765,2024-04-23,253
11113,2024-04-24,42
11296,2024-04-25,212
11271,2024-04-26,283
10361,2024-04-27,185
10378,2024-04-28,44
11230,2024-04-29,168
10345,2024-04-30,223
10798,2024-05-01,77
10455,2024-05-02,343
10908,2024-05-03,71
10067,2024-05-04,334
10987,2024-05-05,222
10979,2024-05-06,322
10043,2024-05-07,77
10229,2024-05-08,262
11468,2024-05-09,155
10234,2024-05-10,107
11223,2024-05-11,121
10497,2024-05-12,379
10848,2024-05-13,102
11056,2024-05-14,315
11288,2024-05-15,122
10113,2024-05-16,60
10973,2024-05-17,91
10459,2024-05-18,231
11300,2024-05-19,183
11170,2024-05-20,316
11381,2024-05-21,143
10006,2024-05-22,215
11364,2024-05-23,210
10992,2024-05-24,362
10494,2024-05-25,282
11132,2024-05-26,102
10071,2024-05-27,267
10939,2024-05-28,252
11364,2024-05-29,87
10674,2024-05-30,372
11124,2024-05-31,369
11351,2024-06-01,175
11057,2024-06-02,72
10143,2024-06-03,398
11268,2024-06-04,387
10736,2024-06-05,305
10726,2024-06-06,354
10217,2024-06-07,80
10434,2024-06-08,40
10834,2024-06-09,312
11078,2024-06-10,91
10720,2024-06-11,300
10942,2024-06-12,386
10907,2024-06-13,50
10995,2024-06-14,33
11175,2024-06-15,292
10055,2024-06-16,335
11472,2024-06-17,327
11059,2024-06-18,281
10861,2024-06-19,296
11007,2024-06-20,33
11143,2024-06-21,353
11221,2024-06-22,154
10566,2024-06-23,81
10771,2024-06-24,326
10878,2024-06-25,32
10824,2024-06-26,383
10514,2024-06-27,275
10862,2024-06-28,126
10422,2024-06-29,129
10517,2024-06-30,180
11163,2024-07-01,81
10705,2024-07-02,269
10809,2024-07-03,84
10044,2024-07-04,322
10858,2024-07-05,217
10801,2024-07-06,141
10219,2024-07-07,335
10568,2024-07-08,94
10908,2024-07-09,190
10258,2024-07-10,127
10961,2024-07-11,125
11401,2024-07-12,323
10893,2024-07-13,151
10289,2024-07-14,147
11494,2024-07-15,386
10972,2024-07-16,342
10103,2024-07-17,203
10804,2024-07-18,291
11173,2024-07-19,239
11108,2024-07-20,117
11050,2024-07-21,121
11199,2024-07-22,77
11446,2024-07-23,259
11370,2024-07-24,187
10302,2024-07-25,347
11322,2024-07-26,345
11159,2024-07-27,224
11079,2024-07-28,205
10056,2024-07-29,172
11015,2024-07-30,333
10374,2024-07-31,239
10831,2024-08-01,186
10920,2024-08-02,337
11363,2024-08-03,50
10457,2024-08-04,148
11379,2024-08-05,51
10132,2024-08-06,107
10493,2024-08-07,89
10110,2024-08-08,258
10582,2024-08-09,197
10796,2024-08-10,219
11150,2024-08-11,201
11320,2024-08-12,180
11203,2024-08-13,129
10810,2024-08-14,221
10886,2024-08-15,259
11221,2024-08-16,347
10773,2024-08-17,175
11125,2024-08-18,27
10937,2024-08-19,308
10573,2024-08-20,250
11207,2024-08-21,287
10809,2024-08-22,393
10879,2024-08-23,128
11033,2024-08-24,166
10413,2024-08-25,40
10830,2024-08-26,182
10566,2024-08-27,46
10104,2024-08-28,235
11150,2024-08-29,220
10677,2024-08-30,356
10945,2024-08-31,112
10270,2024-09-01,105
10466,2024-09-02,391
10801,2024-09-03,228
11142,2024-09-04,202
11116,2024-09-05,71
11005,2024-09-06,121
11111,2024-09-07,209
10234,2024-09-08,36
10913,2024-09-09,200
11148,2024-09-10,382
11227,2024-09-11,99
11056,2024-09-12,94
10357,2024-09-13,343
11487,2024-09-14,91
10964,2024-09-15,344
10094,2024-09-16,397
11432,2024-09-17,391
11124,2024-09-18,355
10244,2024-09-19,191
10058,2024-09-20,188
10965,2024-09-21,96
11381,2024-09-22,35
10320,2024-09-23,193
11043,2024-09-24,344
10357,2024-09-25,239
10117,2024-09-26,279
11160,2024-09-27,283
10296,2024-09-28,265
10525,2024-09-29,287
11125,2024-09-30,396
11404,2024-10-01,357
11179,2024-10-02,286
11129,2024-10-03,294
11152,2024-10-04,237
10401,2024-10-05,89
10739,2024-10-06,165
10529,2024-10-07,373
10557,2024-10-08,356
10550,2024-10-09,119
11148,2024-10-10,56
10360,2024-10-11,190
10064,2024-10-12,259
10765,2024-10-13,267
10774,2024-10-14,288
10624,2024-10-15,348
10102,2024-10-16,106
10561,2024-10-17,25
11301,2024-10-18,166
11251,2024-10-19,203
11047,2024-10-20,178
10844,2024-10-21,140
11088,2024-10-22,225
11181,2024-10-23,111
11414,2024-10-24,323
11173,2024-10-25,353
10839,2024-10-26,61
11387,2024-10-27,322
10681,2024-10-28,238
11488,2024-10-29,71
10645,2024-10-30,89
10399,2024-10-31,268
10405,2024-11-01,165
10826,2024-11-02,73
11156,2024-11-03,339
11221,2024-11-04,100
10647,2024-11-05,184
10035,2024-11-06,160
10420,2024-11-07,341
10377,2024-11-08,47
11423,2024-11-09,17
10220,2024-11-10,298
10697,2024-11-11,271
10342,2024-11-12,140
10753,2024-11-13,127
10416,2024-11-14,317
11480,2024-11-15,307
11321,2024-11-16,356
10938,2024-11-17,62
11355,2024-11-18,378
11007,2024-11-19,289
10680,2024-11-20,209
11363,2024-11-21,353
10748,2024-11-22,239
10806,2024-11-23,227
11322,2024-11-24,335
10312,2024-11-25,296
10055,2024-11-26,152
10694,2024-11-27,369
10534,2024-11-28,347
10105,2024-11-29,84
11199,2024-11-30,313
10294,2024-12-01,84
10880,2024-12-02,222
10551,2024-12-03,214
10911,2024-12-04,73
10375,2024-12-05,273
10450,2024-12-06,355
11469,2024-12-07,365
11084,2024-12-08,348
11416,2024-12-09,371
10812,2024-12-10,353
10390,2024-12-11,179
11236,2024-12-12,259
10667,2024-12-13,98
11264,2024-12-14,391
11146,2024-12-15,323
11277,2024-12-16,128
10141,2024-12-17,248
11476,2024-12-18,276
10874,2024-12-19,186
11177,2024-12-20,32
11332,2024-12-21,249
11341,2024-12-22,324
11320,2024-12-23,397
10843,2024-12-24,171
11369,2024-12-25,225
10597,2024-12-26,295
11306,2024-12-27,333
11232,2024-12-28,210
10952,2024-12-29,129
10552,2024-12-30,174
11120,2024-12-31,169
11476,2025-01-01,65
10373,2025-01-02,298
10648,2025-01-03,87
11097,2025-01-04,342
10333,2025-01-05,355
10393,2025-01-06,124
11130,2025-01-07,300
11125,2025-01-08,235
11383,2025-01-09,23
11353,2025-01-10,96
10395,2025-01-11,334
10035,2025-01-12,308
10157,2025-01-13,389
10904,2025-01-14,36
11297,2025-01-15,113
10967,2025-01-16,184
10396,2025-01-17,204
10207,2025-01-18,120
10621,2025-01-19,334
11330,2025-01-20,279
10805,2025-01-21,396
10462,2025-01-22,365
10252,2025-01-23,182
11291,2025-01-24,358
10867,2025-01-25,127
10209,2025-01-26,342
10955,2025-01-27,320
10539,2025-01-28,162
10835,2025-01-29,351
10503,2025-01-30,234
10956,2025-01-31,47
10514,2025-02-01,234
10580,2025-02-02,333
11172,2025-02-03,199
10840,2025-02-04,207
10986,2025-02-05,375
10083,2025-02-06,194
11066,2025-02-07,369
10156,2025-02-08,20
10453,2025-02-09,23
11308,2025-02-10,371
11212,2025-02-11,75
10617,2025-02-12,177
10624,2025-02-13,113
11498,2025-02-14,162
10507,2025-02-15,72
11157,2025-02-16,229
11295,2025-02-17,330
10622,2025-02-18,196
11097,2025-02-19,49
11460,2025-02-20,317
10293,2025-02-21,60
10655,2025-02-22,101
10937,2025-02-23,18
10757,2025-02-24,280
11461,2025-02-25,121
10996,2025-02-26,89
10667,2025-02-27,54
10060,2025-02-28,141
10327,2025-03-01,197
11206,2025-03-02,133
10799,2025-03-03,87
10785,2025-03-04,54
10767,2025-03-05,218
11458,2025-03-06,110
10519,2025-03-07,293
10638,2025-03-08,157
10083,2025-03-09,129
10028,2025-03-10,386
10266,2025-03-11,147
11307,2025-03-12,182
10397,2025-03-13,259
10962,2025-03-14,291
10763,2025-03-15,273
10980,2025-03-16,60
11407,2025-03-17,360
10811,2025-03-18,349
10581,2025-03-19,397
11343,2025-03-20,251
10611,2025-03-21,67
10193,2025-03-22,162
10227,2025-03-23,201
10451,2025-03-24,35
11206,2025-03-25,104
10932,2025-03-26,247
11351,2025-03-27,229
10655,2025-03-28,383
10203,2025-03-29,65
10402,2025-03-30,167
10472,2025-03-31,338
10890,2025-04-01,130
10179,2025-04-02,228
11042,2025-04-03,353
10463,2025-04-04,365
10835,2025-04-05,151
10609,2025-04-06,299
10926,2025-04-07,380
11427,2025-04-08,85
11417,2025-04-09,259
10936,2025-04-10,52
10300,2025-04-11,230
10351,2025-04-12,141
10187,2025-04-13,86
11371,2025-04-14,240
10623,2025-04-15,329
11433,2025-04-16,298
10071,2025-04-17,316
11351,2025-04-18,260
11236,2025-04-19,85
10309,2025-04-20,209
11132,2025-04-21,52
10177,2025-04-22,131
10427,2025-04-23,252
10740,2025-04-24,378
10531,2025-04-25,218
10418,2025-04-26,365
10248,2025-04-27,333
10209,2025-04-28,373
10216,2025-04-29,19
10713,2025-04-30,171
10438,2025-05-01,121
10311,2025-05-02,242
10383,2025-05-03,156
10981,2025-05-04,328
11295,2025-05-05,186
10121,2025-05-06,160
10407,2025-05-07,21
10245,2025-05-08,357
10066,2025-05-09,367
10942,2025-05-10,315
10228,2025-05-11,30
10882,2025-05-12,334
10137,2025-05-13,51
10194,2025-05-14,167
10706,2025-05-15,279
10658,2025-05-16,197
10657,2025-05-17,170
11378,2025-05-18,151
10930,2025-05-19,104
10556,2025-05-20,232
11181,2025-05-21,344
10958,2025-05-22,200
11500,2025-05-23,395
11040,2025-05-24,223
11102,2025-05-25,65
10052,2025-05-26,302
10514,2025-05-27,102
10744,2025-05-28,150
11085,2025-05-29,172
11156,2025-05-30,296
11406,2025-05-31,169
10692,2025-06-01,234
10543,2025-06-02,181
10410,2025-06-03,336
10155,2025-06-04,193
10633,2025-06-05,343
10051,2025-06-06,64
11024,2025-06-07,315
10994,2025-06-08,101
11119,2025-06-09,47
10524,2025-06-10,289
10355,2025-06-11,155
11069,2025-06-12,220
10802,2025-06-13,238
11229,2025-06-14,127
10840,2025-06-15,292
11455,2025-06-16,367
10256,2025-06-17,19
10248,2025-06-18,396
10533,2025-06-19,226
10041,2025-06-20,270
11483,2025-06-21,348
10790,2025-06-22,44
11301,2025-06-23,361
10195,2025-06-24,96
11095,2025-06-25,250
11294,2025-06-26,358
11359,2025-06-27,375
10308,2025-06-28,337
11451,2025-06-29,267
11223,2025-06-30,132
10076,2025-07-01,44
10787,2025-07-02,125
10795,2025-07-03,268
10230,2025-07-04,213
10085,2025-07-05,309
11186,2025-07-06,356
10397,2025-07-07,311
11395,2025-07-08,301
10215,2025-07-09,258
11025,2025-07-10,235
10377,2025-07-11,170
10412,2025-07-12,397
10800,2025-07-13,250
11224,2025-07-14,334
11207,2025-07-15,387
10410,2025-07-16,33
11422,2025-07-17,229
10216,2025-07-18,381
10752,2025-07-19,128
10349,2025-07-20,214
10831,2025-07-21,39
10654,2025-07-22,135
11022,2025-07-23,244
11065,2025-07-24,113
10003,2025-07-25,360
11118,2025-07-26,17
11083,2025-07-27,275
10740,2025-07-28,268
10407,2025-07-29,34
10018,2025-07-30,218
10751,2025-07-31,308
10586,2025-08-01,371
10888,2025-08-02,142
10332,2025-08-03,372
11013,2025-08-04,306
10169,2025-08-05,188
10776,2025-08-06,235
10849,2025-08-07,369
10941,2025-08-08,383
10206,2025-08-09,51
10521,2025-08-10,324
11018,2025-08-11,163
11370,2025-08-12,106
10304,2025-08-13,84
10115,2025-08-14,98
10664,2025-08-15,219
10087,2025-08-16,281
11119,2025-08-17,102
10743,2025-08-18,266
10428,2025-08-19,225
10450,2025-08-20,357
10786,2025-08-21,45
10715,2025-08-22,371
10002,2025-08-23,330
11102,2025-08-24,75
11348,2025-08-25,81
10743,2025-08-26,240
11122,2025-08-27,349
10110,2025-08-28,341
10679,2025-08-29,81
11481,2025-08-30,142
10371,2025-08-31,125
11361,2025-09-01,286
10890,2025-09-02,315
10599,2025-09-03,48
11046,2025-09-04,226
10722,2025-09-05,314
10305,2025-09-06,387
10924,2025-09-07,139
11296,2025-09-08,117
10836,2025-09-09,220
10446,2025-09-10,134
10932,2025-09-11,184
10278,2025-09-12,49
10377,2025-09-13,396
10232,2025-09-14,345
10592,2025-09-15,260
10426,2025-09-16,354
11079,2025-09-17,323
10441,2025-09-18,72
10034,2025-09-19,320
10329,2025-09-20,155
10845,2025-09-21,125
10454,2025-09-22,177
11412,2025-09-23,125
10764,2025-09-24,166
11454,2025-09-25,390
11500,2025-09-26,79
11149,2025-09-27,120
10523,2025-09-28,230
10482,2025-09-29,105
10317,2025-09-30,40
10122,2025-10-01,171
10581,2025-10-02,86
11337,2025-10-03,58
10487,2025-10-04,104
11036,2025-10-05,147
10125,2025-10-06,175
10659,2025-10-07,246
11101,2025-10-08,394
10580,2025-10-09,275
10718,2025-10-10,397
11260,2025-10-11,383
10770,2025-10-12,125
11278,2025-10-13,178
10904,2025-10-14,91
10406,2025-10-15,223
11267,2025-10-16,27
11485,2025-10-17,72
10277,2025-10-18,358
11493,2025-10-19,50
11244,2025-10-20,39
11249,2025-10-21,48
10925,2025-10-22,154
11125,2025-10-23,289
10854,2025-10-24,384
10507,2025-10-25,376
11355,2025-10-26,236
10237,2025-10-27,51
10994,2025-10-28,377
11363,2025-10-29,143
10752,2025-10-30,330
10506,2025-10-31,337
10165,2025-11-01,232
10846,2025-11-02,349
10728,2025-11-03,262
11242,2025-11-04,125
10376,2025-11-05,318
11036,2025-11-06,234
11456,2025-11-07,210
10083,2025-11-08,161
10431,2025-11-09,358
10478,2025-11-10,54
10783,2025-11-11,148
10369,2025-11-12,366
10955,2025-11-13,205
10141,2025-11-14,177
10720,2025-11-15,75
11480,2025-11-16,19
11427,2025-11-17,51
11016,2025-11-18,231
10288,2025-11-19,239
10355,2025-11-20,230
10343,2025-11-21,153
10149,2025-11-22,120
10210,2025-11-23,113
11136,2025-11-24,182
10654,2025-11-25,278
10976,2025-11-26,101
10536,2025-11-27,98
11073,2025-11-28,238
10331,2025-11-29,25
10365,2025-11-30,341
10011,2025-12-01,200
11212,2025-12-02,364
10509,2025-12-03,393
10580,2025-12-04,245
11469,2025-12-05,155
11114,2025-12-06,120
10622,2025-12-07,267
10901,2025-12-08,63
11472,2025-12-09,277
10718,2025-12-10,219
11056,2025-12-11,371
10327,2025-12-12,65
10074,2025-12-13,189
10251,2025-12-14,239
10450,2025-12-15,275
10906,2025-12-16,236
10355,2025-12-17,237
10533,2025-12-18,283
10296,2025-12-19,312
10298,2025-12-20,395
11352,2025-12-21,332
10302,2025-12-22,399
10512,2025-12-23,88
11362,2025-12-24,128
10585,2025-12-25,233
10374,2025-12-26,68
11118,2025-12-27,214
10132,2025-12-28,386
10910,2025-12-29,145
10053,2025-12-30,353
10229,2025-12-31,206
10640,2026-01-01,193
11236,2026-01-02,319
10797,2026-01-03,301
10791,2026-01-04,254
10495,2026-01-05,259
10853,2026-01-06,344
10671,2026-01-07,131
11257,2026-01-08,222
11095,2026-01-09,226
10189,2026-01-10,273
10663,2026-01-11,394
10008,2026-01-12,177
10332,2026-01-13,240
11040,2026-01-14,355
10666,2026-01-15,78
10669,2026-01-16,260
11117,2026-01-17,32
11286,2026-01-18,48
10161,2026-01-19,326
10351,2026-01-20,337
11198,2026-01-21,195
10317,2026-01-22,361
10937,2026-01-23,208
10018,2026-01-24,206
10486,2026-01-25,81
10367,2026-01-26,223
10351,2026-01-27,380
10528,2026-01-28,181
10872,2026-01-29,260
11459,2026-01-30,259
10933,2026-01-31,180
10270,2026-02-01,310
10871,2026-02-02,225
11092,2026-02-03,147
11054,2026-02-04,211
10316,2026-02-05,361
10737,2026-02-06,63
10164,2026-02-07,78
10926,2026-02-08,126
10320,2026-02-09,370
11038,2026-02-10,199
10279,2026-02-11,118
10432,2026-02-12,227
10668,2026-02-13,19
10634,2026-02-14,133
11287,2026-02-15,358
10522,2026-02-16,263
10964,2026-02-17,181
11196,2026-02-18,397
10358,2026-02-19,256
11037,2026-02-20,294
10725,2026-02-21,377
10673,2026-02-22,252
10232,2026-02-23,320
11500,2026-02-24,219
10471,2026-02-25,328
11184,2026-02-26,15
10639,2026-02-27,185
10560,2026-02-28,181
11285,2026-03-01,272
10573,2026-03-02,77
10602,2026-03-03,286
11383,2026-03-04,51
10255,2026-03-05,30
10602,2026-03-06,268
10280,2026-03-07,357
10117,2026-03-08,360
10610,2026-03-09,350
11186,2026-03-10,41
10852,2026-03-11,125
10298,2026-03-12,247
10916,2026-03-13,78
11321,2026-03-14,111
11382,2026-03-15,281
10518,2026-03-16,340
10378,2026-03-17,246
10426,2026-03-18,62
10537,2026-03-19,364
10553,2026-03-20,224
10169,2026-03-21,90
10515,2026-03-22,261
11388,2026-03-23,330
10430,2026-03-24,82
10569,2026-03-25,327
10083,2026-03-26,78
10330,2026-03-27,196
10691,2026-03-28,94
11157,2026-03-29,357
10457,2026-03-30,217
10353,2026-03-31,196
10344,2026-04-01,228
11118,2026-04-02,134
11406,2026-04-03,255
10762,2026-04-04,349
11319,2026-04-05,216
10198,2026-04-06,306
10079,2026-04-07,68
10678,2026-04-08,159
10551,2026-04-09,370
10820,2026-04-10,100
10214,2026-04-11,36
10669,2026-04-12,345
10989,2026-04-13,306
10894,2026-04-14,250
10159,2026-04-15,43
10739,2026-04-16,197
10557,2026-04-17,174
10201,2026-04-18,32
10022,2026-04-19,52
11363,2026-04-20,115
11266,2026-04-21,304
11262,2026-04-22,391
11173,2026-04-23,187
10785,2026-04-24,357
10007,2026-04-25,380
11257,2026-04-26,81
10804,2026-04-27,205
10768,2026-04-28,57
10579,2026-04-29,137
11101,2026-04-30,292
10489,2026-05-01,357
10926,2026-05-02,210
10087,2026-05-03,347
10222,2026-05-04,139
10413,2026-05-05,110
10584,2026-05-06,392
10202,2026-05-07,171
10571,2026-05-08,54
11300,2026-05-09,374
10221,2026-05-10,187
10157,2026-05-11,389
11205,2026-05-12,187
10129,2026-05-13,134
11267,2026-05-14,287
11196,2026-05-15,372
10877,2026-05-16,378
10270,2026-05-17,360
11445,2026-05-18,389
10163,2026-05-19,333
10955,2026-05-20,275
10024,2026-05-21,295
10497,2026-05-22,343
10193,2026-05-23,138
10878,2026-05-24,292
10390,2026-05-25,107
10497,2026-05-26,49
10964,2026-05-27,325
10806,2026-05-28,142
10129,2026-05-29,34
11021,2026-05-30,275
10553,2026-05-31,181
11060,2026-06-01,333
11481,2026-06-02,250
10361,2026-06-03,46
10765,2026-06-04,245
11239,2026-06-05,205
10287,2026-06-06,344
10768,2026-06-07,159
10925,2026-06-08,115
10369,2026-06-09,93
11493,2026-06-10,174
10899,2026-06-11,269
11210,2026-06-12,293
11498,2026-06-13,202
11085,2026-06-14,224
10262,2026-06-15,255
10788,2026-06-16,70
10111,2026-06-17,151
10942,2026-06-18,120
10141,2026-06-19,83
10745,2026-06-20,204
10535,2026-06-21,206
10079,2026-06-22,292
11055,2026-06-23,46
10509,2026-06-24,189
10971,2026-06-25,272
10066,2026-06-26,137
11395,2026-06-27,99
10287,2026-06-28,230
11200,2026-06-29,230
10123,2026-06-30,28
11255,2026-07-01,51
10555,2026-07-02,41
11004,2026-07-03,166
10004,2026-07-04,78
10412,2026-07-05,84
10250,2026-07-06,168
11369,2026-07-07,267
11357,2026-07-08,285
10453,2026-07-09,43
10158,2026-07-10,88
10837,2026-07-11,298
11014,2026-07-12,73
11294,2026-07-13,257
11442,2026-07-14,343
11464,2026-07-15,163
11053,2026-07-16,24
10978,2026-07-17,146
10335,2026-07-18,76
11262,2026-07-19,397
10153,2026-07-20,276
10749,2026-07-21,232
10834,2026-07-22,246
11139,2026-07-23,350
10808,2026-07-24,86
10758,2026-07-25,30
11423,2026-07-26,52
11056,2026-07-27,191
10532,2026-07-28,335
10053,2026-07-29,396
10718,2026-07-30,97
11219,2026-07-31,31
11329,2026-08-01,383
10345,2026-08-02,170
11106,2026-08-03,186
10001,2026-08-04,84
10167,2026-08-05,85
10317,2026-08-06,269
11207,2026-08-07,145
10965,2026-08-08,63
10898,2026-08-09,35
10273,2026-08-10,334
10373,2026-08-11,234
11386,2026-08-12,201
10900,2026-08-13,46
10201,2026-08-14,217
11216,2026-08-15,290
11365,2026-08-16,256
11323,2026-08-17,30
10140,2026-08-18,330
10306,2026-08-19,187
11220,2026-08-20,151
11085,2026-08-21,193
10360,2026-08-22,373
10307,2026-08-23,75
10333,2026-08-24,118
11107,2026-08-25,331
10334,2026-08-26,209
10517,2026-08-27,270
10731,2026-08-28,90
10924,2026-08-29,285
10766,2026-08-30,195
11498,2026-08-31,146
11418,2026-09-01,165
10785,2026-09-02,169
11404,2026-09-03,373
10021,2026-09-04,249
10879,2026-09-05,262
10177,2026-09-06,179
11387,2026-09-07,219
10022,2026-09-08,179
10837,2026-09-09,227
10960,2026-09-10,268
10548,2026-09-11,171
10250,2026-09-12,191
10661,2026-09-13,89
10952,2026-09-14,192
11097,2026-09-15,298
11115,2026-09-16,344
11200,2026-09-17,147
10126,2026-09-18,139
11228,2026-09-19,326
11270,2026-09-20,334
10611,2026-09-21,141
11295,2026-09-22,391
11010,2026-09-23,359
10044,2026-09-24,239
10548,2026-09-25,31
11192,2026-09-26,367
10435,2026-09-27,325
11054,2026-09-28,260
10794,2026-09-29,151
10357,2026-09-30,231
11272,2026-10-01,210
10253,2026-10-02,215
10785,2026-10-03,380
10721,2026-10-04,221
11406,2026-10-05,30
10737,2026-10-06,27
10900,2026-10-07,92
11443,2026-10-08,228
10123,2026-10-09,355
11318,2026-10-10,343
10685,2026-10-11,133
10143,2026-10-12,195
11003,2026-10-13,338
10938,2026-10-14,344
10511,2026-10-15,369
10057,2026-10-16,387
10042,2026-10-17,151
10821,2026-10-18,193
11145,2026-10-19,222
10343,2026-10-20,385
10332,2026-10-21,68
11480,2026-10-22,93
11461,2026-10-23,285
10341,2026-10-24,132
10341,2026-10-25,382
11440,2026-10-26,120
10849,2026-10-27,119
10182,2026-10-28,317
10984,2026-10-29,132
11288,2026-10-30,396
11234,2026-10-31,243
10523,2026-11-01,162
10182,2026-11-02,368
11468,2026-11-03,164
10251,2026-11-04,318
10138,2026-11-05,270
11242,2026-11-06,96
10751,2026-11-07,30
10454,2026-11-08,207
10883,2026-11-09,225
10087,2026-11-10,88
10293,2026-11-11,291
10092,2026-11-12,75
10208,2026-11-13,38
11228,2026-11-14,37
10186,2026-11-15,357
11109,2026-11-16,272
10156,2026-11-17,212
10293,2026-11-18,67
10533,2026-11-19,153
10161,2026-11-20,285
11410,2026-11-21,215
10851,2026-11-22,392
10156,2026-11-23,393
10143,2026-11-24,178
11308,2026-11-25,106
10562,2026-11-26,37
10035,2026-11-27,102
10224,2026-11-28,196
10668,2026-11-29,369
10393,2026-11-30,297
10408,2026-12-01,35
11412,2026-12-02,63
10297,2026-12-03,204
10323,2026-12-04,219
10039,2026-12-05,58
10505,2026-12-06,314
10753,2026-12-07,142
11340,2026-12-08,203
11141,2026-12-09,184
11366,2026-12-10,293
10240,2026-12-11,215
10687,2026-12-12,399
11469,2026-12-13,139
10740,2026-12-14,306
10997,2026-12-15,325
10487,2026-12-16,380
10765,2026-12-17,30
11435,2026-12-18,359
10623,2026-12-19,288
10736,2026-12-20,308
10298,2026-12-21,34
11076,2026-12-22,33
10733,2026-12-23,27
11001,2026-12-24,31
10304,2026-12-25,220
11312,2026-12-26,44
10664,2026-12-27,313
10899,2026-12-28,318
11142,2026-12-29,57
11448,2026-12-30,107
10791,2026-12-31,384
10647,2027-01-01,80
10209,2027-01-02,133
11151,2027-01-03,323
11317,2027-01-04,86
10519,2027-01-05,348
11246,2027-01-06,176
10077,2027-01-07,344
10338,2027-01-08,342
10863,2027-01-09,283
10913,2027-01-10,232
11299,2027-01-11,268
10807,2027-01-12,73
11141,2027-01-13,46
11316,2027-01-14,353
11295,2027-01-15,134
11471,2027-01-16,324
11181,2027-01-17,16
10572,2027-01-18,132
11208,2027-01-19,51
10424,2027-01-20,111
10673,2027-01-21,373
11040,2027-01-22,384
10926,2027-01-23,271
10098,2027-01-24,142
10300,2027-01-25,373
10747,2027-01-26,170
11446,2027-01-27,159
11331,2027-01-28,71
10274,2027-01-29,84
10261,2027-01-30,58
11263,2027-01-31,226
10936,2027-02-01,189
10332,2027-02-02,155
10115,2027-02-03,90
10268,2027-02-04,172
10012,2027-02-05,99
10073,2027-02-06,336
11016,2027-02-07,323
10874,2027-02-08,32
10406,2027-02-09,298
10178,2027-02-10,56
10772,2027-02-11,396
10946,2027-02-12,387
11283,2027-02-13,148
10400,2027-02-14,116
10270,2027-02-15,151
10486,2027-02-16,236
10059,2027-02-17,243
10642,2027-02-18,308
10887,2027-02-19,320
10266,2027-02-20,330
10075,2027-02-21,133
11114,2027-02-22,113
10505,2027-02-23,364
10357,2027-02-24,338
10154,2027-02-25,173
11242,2027-02-26,253
10486,2027-02-27,334
11154,2027-02-28,349
10066,2027-03-01,203
11168,2027-03-02,323
10380,2027-03-03,263
11337,2027-03-04,40
10407,2027-03-05,203
11431,2027-03-06,154
10277,2027-03-07,195
10615,2027-03-08,35
11433,2027-03-09,177
10314,2027-03-10,85
10549,2027-03-11,96
11273,2027-03-12,169
10461,2027-03-13,330
10399,2027-03-14,369
10451,2027-03-15,61
10471,2027-03-16,208
11458,2027-03-17,238
10956,2027-03-18,251
11470,2027-03-19,294
10707,2027-03-20,24
10103,2027-03-21,390
10328,2027-03-22,166
10601,2027-03-23,358
10246,2027-03-24,118
11082,2027-03-25,138
10105,2027-03-26,199
10692,2027-03-27,304
10972,2027-03-28,55
11093,2027-03-29,25
10993,2027-03-30,232
11326,2027-03-31,15
10153,2027-04-01,185
11059,2027-04-02,352
10957,2027-04-03,296
11039,2027-04-04,67
11130,2027-04-05,139
10730,2027-04-06,189
10074,2027-04-07,279
10856,2027-04-08,279
10285,2027-04-09,399
11221,2027-04-10,213
10280,2027-04-11,270
10787,2027-04-12,186
10686,2027-04-13,73
10969,2027-04-14,120
11177,2027-04-15,139
10291,2027-04-16,30
10932,2027-04-17,52
11166,2027-04-18,257
10768,2027-04-19,224
10312,2027-04-20,329
10646,2027-04-21,299
11056,2027-04-22,182
10026,2027-04-23,278
10255,2027-04-24,112
11080,2027-04-25,148
10293,2027-04-26,379
10637,2027-04-27,195
10230,2027-04-28,236
10053,2027-04-29,378
10954,2027-04-30,163
10101,2027-05-01,258
11491,2027-05-02,327
10804,2027-05-03,90
10869,2027-05-04,383
10267,2027-05-05,276
10002,2027-05-06,245
10022,2027-05-07,205
10578,2027-05-08,394
10212,2027-05-09,148
11260,2027-05-10,323
10529,2027-05-11,266
10388,2027-05-12,259
10014,2027-05-13,279
10519,2027-05-14,339
11246,2027-05-15,344
10616,2027-05-16,381
10962,2027-05-17,357
10403,2027-05-18,18
10287,2027-05-19,51
10384,2027-05-20,85
11271,2027-05-21,276
11115,2027-05-22,251
10826,2027-05-23,321
10312,2027-05-24,369
11461,2027-05-25,192
10726,2027-05-26,110
10043,2027-05-27,241
11098,2027-05-28,25
10754,2027-05-29,280
10993,2027-05-30,203
10876,2027-05-31,223
11340,2027-06-01,27
10734,2027-06-02,391
10144,2027-06-03,176
11353,2027-06-04,74
10209,2027-06-05,19
11123,2027-06-06,216
10700,2027-06-07,26
10114,2027-06-08,355
10175,2027-06-09,254
10271,2027-06-10,387
10063,2027-06-11,392
11008,2027-06-12,239
10796,2027-06-13,196
11428,2027-06-14,311
10225,2027-06-15,318
10161,2027-06-16,321
11060,2027-06-17,192
10381,2027-06-18,132
10318,2027-06-19,366
10708,2027-06-20,90
10456,2027-06-21,60
11293,2027-06-22,241
10344,2027-06-23,370
11064,2027-06-24,308
10414,2027-06-25,254
11404,2027-06-26,362
11246,2027-06-27,155
11305,2027-06-28,218
10225,2027-06-29,164
11481,2027-06-30,144
11178,2027-07-01,363
10280,2027-07-02,347
11377,2027-07-03,283
11063,2027-07-04,327
10729,2027-07-05,151
10621,2027-07-06,130
10975,2027-07-07,365
10573,2027-07-08,175
10489,2027-07-09,169
11008,2027-07-10,187
10937,2027-07-11,144
11222,2027-07-12,93
11300,2027-07-13,71
11196,2027-07-14,365
10784,2027-07-15,71
10508,2027-07-16,377
10405,2027-07-17,349
11295,2027-07-18,148
10772,2027-07-19,28
10664,2027-07-20,297
10131,2027-07-21,308
11409,2027-07-22,161
11421,2027-07-23,141
11320,2027-07-24,274
11407,2027-07-25,328
11419,2027-07-26,232
11284,2027-07-27,247
10281,2027-07-28,383
11380,2027-07-29,182
10420,2027-07-30,157
11216,2027-07-31,274
10637,2027-08-01,232
11452,2027-08-02,322
10808,2027-08-03,160
10348,2027-08-04,113
10429,2027-08-05,196
11416,2027-08-06,183
11365,2027-08-07,247
10547,2027-08-08,107
10940,2027-08-09,131
10402,2027-08-10,18
11071,2027-08-11,99
10665,2027-08-12,181
10750,2027-08-13,21
11449,2027-08-14,395
10960,2027-08-15,246
10637,2027-08-16,265
10879,2027-08-17,99
11352,2027-08-18,333
10087,2027-08-19,207
10515,2027-08-20,137
11004,2027-08-21,103
11189,2027-08-22,109
11247,2027-08-23,389
10861,2027-08-24,314
11321,2027-08-25,372
10916,2027-08-26,59
10451,2027-08-27,267
11367,2027-08-28,387
10341,2027-08-29,65
11485,2027-08-30,79
11416,2027-08-31,68
10421,2027-09-01,236
10381,2027-09-02,86
10005,2027-09-03,390
10648,2027-09-04,182
11028,2027-09-05,200
10316,2027-09-06,157
11102,2027-09-07,33
10531,2027-09-08,24
10355,2027-09-09,286
11057,2027-09-10,185
10662,2027-09-11,378
11163,2027-09-12,30
11296,2027-09-13,94
11220,2027-09-14,298
10127,2027-09-15,204
10349,2027-09-16,162
11068,2027-09-17,177
10742,2027-09-18,279
10728,2027-09-19,374
10244,2027-09-20,152
10009,2027-09-21,315
10712,2027-09-22,379
10846,2027-09-23,44
11103,2027-09-24,318
11214,2027-09-25,182
10086,2027-09-26,105
10271,2027-09-27,105
10513,2027-09-28,225
11044,2027-09-29,344
10130,2027-09-30,314
10838,2027-10-01,188
10770,2027-10-02,148
11031,2027-10-03,387
10852,2027-10-04,38
10937,2027-10-05,215
11334,2027-10-06,233
10901,2027-10-07,21
10473,2027-10-08,20
11126,2027-10-09,132
10338,2027-10-10,175
10319,2027-10-11,99
11049,2027-10-12,380
10721,2027-10-13,262
11454,2027-10-14,180
10143,2027-10-15,159
10657,2027-10-16,45
11173,2027-10-17,234
11079,2027-10-18,147
10471,2027-10-19,78
10363,2027-10-20,90
10650,2027-10-21,145
10209,2027-10-22,326
11209,2027-10-23,333
11089,2027-10-24,375
10549,2027-10-25,52
11136,2027-10-26,68
10263,2027-10-27,144
11100,2027-10-28,232
11320,2027-10-29,16
11202,2027-10-30,260
10766,2027-10-31,154
10001,2027-11-01,310
10148,2027-11-02,272
10876,2027-11-03,119
10986,2027-11-04,395
11153,2027-11-05,350
10513,2027-11-06,199
10629,2027-11-07,317
10972,2027-11-08,258
11173,2027-11-09,178
11293,2027-11-10,146
10653,2027-11-11,217
11129,2027-11-12,224
10466,2027-11-13,361
10764,2027-11-14,115
11020,2027-11-15,285
10929,2027-11-16,63
11305,2027-11-17,382
11431,2027-11-18,253
10794,2027-11-19,229
10900,2027-11-20,305
11382,2027-11-21,386
10675,2027-11-22,364
11009,2027-11-23,294
11227,2027-11-24,330
10281,2027-11-25,91
10916,2027-11-26,318
11281,2027-11-27,165
11118,2027-11-28,311
10324,2027-11-29,171
10791,2027-11-30,212
11386,2027-12-01,398
11375,2027-12-02,301
11086,2027-12-03,38
10187,2027-12-04,23
10915,2027-12-05,146
10542,2027-12-06,91
10897,2027-12-07,240
11328,2027-12-08,145
10639,2027-12-09,390
10436,2027-12-10,104
10213,2027-12-11,131
11430,2027-12-12,124
10818,2027-12-13,391
10962,2027-12-14,368
11158,2027-12-15,285
10960,2027-12-16,241
10917,2027-12-17,258
10993,2027-12-18,322
10915,2027-12-19,69
11243,2027-12-20,51
10421,2027-12-21,69
10319,2027-12-22,26
11181,2027-12-23,199
10188,2027-12-24,251
11500,2027-12-25,307
10162,2027-12-26,218
10129,2027-12-27,225
10304,2027-12-28,240
11113,2027-12-29,21
10917,2027-12-30,234
11186,2027-12-31,325
10922,2028-01-01,42
11060,2028-01-02,307
11251,2028-01-03,226
10151,2028-01-04,203
10593,2028-01-05,89
10047,2028-01-06,256
10940,2028-01-07,128
10660,2028-01-08,181
10231,2028-01-09,120
11002,2028-01-10,165
10165,2028-01-11,380
10724,2028-01-12,98
10820,2028-01-13,226
11090,2028-01-14,281
11104,2028-01-15,336
10140,2028-01-16,283
10400,2028-01-17,191
10130,2028-01-18,285
10985,2028-01-19,326
10766,2028-01-20,196
10446,2028-01-21,173
10029,2028-01-22,203
11226,2028-01-23,200
11261,2028-01-24,323
10799,2028-01-25,260
11363,2028-01-26,331
11423,2028-01-27,398
11463,2028-01-28,56
10289,2028-01-29,299
11276,2028-01-30,314
10977,2028-01-31,383
10100,2028-02-01,376
10422,2028-02-02,308
10643,2028-02-03,195
10694,2028-02-04,385
10706,2028-02-05,379
10018,2028-02-06,196
10471,2028-02-07,354
10723,2028-02-08,232
11031,2028-02-09,177
10419,2028-02-10,60
10380,2028-02-11,106
10508,2028-02-12,119
10114,2028-02-13,221
10852,2028-02-14,342
10511,2028-02-15,153
10851,2028-02-16,43
10976,2028-02-17,265
10614,2028-02-18,205
10469,2028-02-19,61
10093,2028-02-20,381
11126,2028-02-21,265
10493,2028-02-22,277
10763,2028-02-23,387
10989,2028-02-24,78
10479,2028-02-25,352
10877,2028-02-26,334
10167,2028-02-27,362
10140,2028-02-28,282
10094,2028-02-29,26
11205,2028-03-01,306
10576,2028-03-02,43
11028,2028-03-03,153
10606,2028-03-04,99
11413,2028-03-05,88
11296,2028-03-06,265
11156,2028-03-07,238
10584,2028-03-08,61
10816,2028-03-09,95
10593,2028-03-10,135
10686,2028-03-11,57
10963,2028-03-12,160
10987,2028-03-13,88
11076,2028-03-14,67
11314,2028-03-15,247
10446,2028-03-16,309
10237,2028-03-17,377
11304,2028-03-18,214
11068,2028-03-19,176
10882,2028-03-20,51
10766,2028-03-21,111
10937,2028-03-22,63
10359,2028-03-23,398
10646,2028-03-24,24
10690,2028-03-25,54
10462,2028-03-26,167
10101,2028-03-27,120
10692,2028-03-28,55
10984,2028-03-29,178
11485,2028-03-30,272
10769,2028-03-31,225
10268,2028-04-01,216
10883,2028-04-02,209
11386,2028-04-03,67
10408,2028-04-04,161
11061,2028-04-05,296
10468,2028-04-06,324
10259,2028-04-07,257
10509,2028-04-08,65
10309,2028-04-09,128
11297,2028-04-10,287
10625,2028-04-11,134
10110,2028-04-12,203
10679,2028-04-13,60
11284,2028-04-14,257
10742,2028-04-15,325
10907,2028-04-16,64
10268,2028-04-17,345
11056,2028-04-18,25
10940,2028-04-19,62
10811,2028-04-20,391
11201,2028-04-21,70
10104,2028-04-22,22
11260,2028-04-23,28
11117,2028-04-24,229
10201,2028-04-25,384
10899,2028-04-26,259
10743,2028-04-27,68
10925,2028-04-28,287
10597,2028-04-29,145
11059,2028-04-30,23
11141,2028-05-01,226
10688,2028-05-02,136
11482,2028-05-03,128
11495,2028-05-04,34
10920,2028-05-05,353
10788,2028-05-06,35
10399,2028-05-07,222
10597,2028-05-08,47
10117,2028-05-09,147
10362,2028-05-10,205
10204,2028-05-11,40
11170,2028-05-12,378
10444,2028-05-13,103
10727,2028-05-14,106
10861,2028-05-15,47
11321,2028-05-16,252
10868,2028-05-17,32
10767,2028-05-18,288
11255,2028-05-19,303
11227,2028-05-20,41
10362,2028-05-21,319
10395,2028-05-22,122
10248,2028-05-23,240
11464,2028-05-24,338
10914,2028-05-25,369
11420,2028-05-26,33
10761,2028-05-27,237
10656,2028-05-28,295
10356,2028-05-29,118
11425,2028-05-30,346
10241,2028-05-31,346
11365,2028-06-01,376
10229,2028-06-02,303
10621,2028-06-03,51
10931,2028-06-04,362
10855,2028-06-05,394
10529,2028-06-06,258
10267,2028-06-07,57
11153,2028-06-08,140
10220,2028-06-09,23
11106,2028-06-10,28
10561,2028-06-11,145
11044,2028-06-12,339
11351,2028-06-13,198
11061,2028-06-14,296
10382,2028-06-15,397
10039,2028-06-16,67
11133,2028-06-17,55
10429,2028-06-18,352
11088,2028-06-19,372
11199,2028-06-20,35
10791,2028-06-21,391
10032,2028-06-22,309
